Food,Protein (g/100g)
Dessert (average),4.41
"Salad of pig's snout, with sauce, prepacked",8.51
"Salad of saveloy, with sauce, prepacked",7.6
"Celeriac salad, with remoulade sauce, prepacked",0.94
"Tuna salad, with vegetables, canned",9.15
"Mixed salad, with meat/fish, canned",8.06
"Greek-style marinated mushrooms, prepacked",2.07
"Potato salad, homemade",2.68
"Tabbouleh or couscous salad, with vegetables, prepacked",4.88
"Potato salad, piémontaise-style, prepacked",4.5
"Salad of ox muzzle, with sauce, prepacked",11.7
"Rice salad, canned",5.13
"Pasta salad, vegetarian, with sauce",4.4
"Pasta salad, with vegetable and meat/fish, with sauce, prepacked",6.24
"Mixed diced vegetables salad, with sauce, prepacked",2.5
"Caesar's salad (salad, chicken, croûtons, sauce), prepacked",8.13
"Salad, veggie, bulgur and/or quinoa-based, with vegetables, prepacked",3.79
"Grated celeriac and carrot salad, with remoulade sauce, prepacked",1.0
"Potato salad, with tuna, prepacked",5.57
"Potato salad, with sausage, prepacked",3.08
"Mixed salad with raw vegetables, cold meat and cheese, with sauce, prepacked",7.45
"Mixed salad with raw vegetables and fish products, with sauce, prepacked",4.78
"Mixed salad with raw vegetables, egg and fish products, with sauce, prepacked",4.76
"Mixed salad with raw vegetables, chicken and cheese, with sauce, prepacked",7.13
"Mixed salad with raw vegetables and chicken, with sauce, prepacked",4.13
"Grated carrot salad, with sauce, prepacked",0.84
"Beetroot salad, with sauce, prepacked",1.44
"Coleslaw salad, with sauce, prepacked",0.94
"Cucumber salad, with fresh cream/cheese sauce, prepacked",1.06
"Lentil salad with smoked sausage, prepacked",7.0
"Greek salad, with sauce, prepacked",2.0
"Rice salad, with tuna and vegetables, with sauce, prepacked",5.08
"Tabbouleh or couscous salad, with chicken, prepacked",5.9
"Pasta salad, with surimi, with sauce, prepacked",4.19
"Mixed salad, Alaska-style, with surimi, pineapple, carrot, with sauce, prepacked",3.81
"Pasta salad, with chicken, cheese and raw vegetables, with sauce, prepacked",8.19
"Pasta salad, with chicken, egg, cheese and raw vegetables, with sauce, prepacked",8.19
"Pasta salad, with ham, cheese and raw vegetables, with sauce, prepacked",7.31
"Red cabbage salad, with sauce, prepacked",1.23
"Pasta salad, with chicken and raw vegetables, with sauce, prepacked",5.91
"Soup, lentil, prepacked, to be reheated",3.19
"Soup, chicken and vegetables, prepacked, to be reheated",3.09
"Soup, mixed vegetables, prepacked, to be reheated",0.84
"Soup, fish and/or crustacean, prepacked, to be reheated",4.11
"Soup, mixed vegetables, dehydrated and reconstituted",0.76
"Soup, leek and potato, prepacked, to be reheated",0.91
"Soup, chicken and vermicelli, prepacked, to be reheated",1.24
"Broth or stock, meat and vegetables, dehydrated and reconstituted",0.53
"Soup, onion, prepacked, to be reheated",1.64
"Soup, mushroom, prepacked, to be reheated",0.94
"Soup, carrots, prepacked, to be reheated",0.68
"Soup, tomato, prepacked, to be reheated",0.76
"Soup, chorba frik, with meat and frik",3.75
"Soup, minestrone, prepacked, to be reheated",1.51
"Soup, pistou, dehydrated and reconstituted",1.01
"Soup, fish and/or crustacean, dehydrated and reconstituted",0.91
"Soup, Asian-style with noodles, dehydrated and reconstituted",1.12
"Soup, Moroccan, dehydrated and reconstituted",2.07
"Soup, leek and potato, dehydrated and reconstituted",0.76
"Soup, chicken and vegetables, dehydrated and reconstituted",0.99
"Broth or stock, beef, dehydrated and reconstituted",0.85
"Soup, asparagus, dehydrated and reconstituted",0.79
"Soup, tomato and vermicelli, prepacked, to be reheated",1.2
"Soup, cereals and vegetables, dehydrated and reconstituted",1.4
"Soup, tomato, dehydrated and reconstituted",0.98
"Soup, mushroom, dehydrated and reconstituted",0.66
"Soup, onion, dehydrated and reconstituted",0.5
"Soup, pumpkin, prepacked, to be reheated",0.66
"Broth or stock, poultry, dehydrated and reconstituted",1.23
"Broth or stock, vegetables, dehydrated and reconstituted",0.34
"Soup, tomato and vermicelli, dehydrated and reconstituted",0.8
"Soup, chicken and vermicelli, dehydrated and reconstituted",0.78
"Soup, pistou, prepacked, to be reheated",1.88
"Soup, pumpkin, dehydrated and reconstituted",0.72
"Soup, Asian-style with noodles, prepacked, to be reheated",1.3
"Soup, minestrone, dehydrated and reconstituted",1.11
"Soup, watercress, dehydrated and reconstituted",0.42
"Soup, watercress, prepacked, to be reheated",1.0
"Soup, vegetables with cheese, prepacked, to be reheated",1.26
"Soup, green vegetables, prepacked, to be reheated",1.13
"Soup, green vegetables, dehydrated and reconstituted",0.63
"Soup, split peas, prepacked, to be reheated",2.47
"Soup, gazpacho type, cold, prepacked",0.81
"Soup, asparagus, prepacked, to be reheated",1.54
Soup (average),1.42
"Soup, miso, dehydrated, reconstituted",1.24
"Soup, vegetables and vermicelli, dehydrated and reconstituted",0.8
"Soup, vegetables and vermicelli, prepacked, to be reheated",1.07
"Soup, beef and vermicelli, dehydrated and reconstituted",0.87
"Soup, Asian-style with chicken and noodles, prepacked, to be reheated",3.96
"Chicken nuggets (with soybean), breaded croquette, prepacked",13.4
"Caen-style tripe, prepacked",20.4
"Provencal-type tripe (with tomato), prepacked",17.5
"Veal stew in white sauce, prepacked",15.4
"Burgundy-style beef stew, prepacked",10.3
"Sauté of lamb with curry, prepacked",10.5
"Duck with sauce (green pepper sauce, hunter-style sauce, etc.) , prepacked",9.55
"Rabbit with mustard sauce, prepacked",14.9
"Veal escalope cordon bleu (escalope topped with a ham slice and cheese, breaded, prepacked",14.0
Cockerel in red wine sauce,13.0
Veal paupiette,14.6
Poultry paupiette,17.4
"Meat balls, beef, cooked",18.5
Meat in sauce (average),11.7
Milanese-style veal escalope or breaded veal escalope,22.9
"Chicken with curry and coconut milk sauce, prepacked",10.6
"Meat balls, pork and beef (Swedish-style), prepacked, raw",17.4
"Meat balls, beef and lamb (kefta type), prepacked, raw",14.9
"Devilled pork shoulder in mustard sauce, prepacked",13.0
"Beef tongue with Madeira wine sauce, prepacked",9.5
"Pork with caramel sauce, prepacked",10.0
"Meat balls, beef, with tomato sauce, prepacked",9.0
"Veal paupiette, prepacked, roasted/baked",22.0
"Meat balls, beef and lamb (kefta type), prepacked cooked",15.7
"Meat balls, pork and beef (Swedish-style), prepacked, cooked",14.4
"Poultry on skewer, raw",18.0
"Beef on skewer, raw",20.0
Mixed meat on skewer,19.7
"Poultry nuggets, breaded croquette, prepacked",13.1
"Beef carpaccio, with marinade (oil, herbs, cheese), home-made",15.2
Lamb on skewer,13.2
"Yakitori (grilled meat on skewers, Japanese-style, with sauce)",26.0
"Pork on skewer, raw",15.6
"Beef on skewer, cooked",21.9
"Poultry on skewer, cooked",23.1
"Chicken nuggets, breaded croquette, prepacked",15.6
"Chicken, marinated wings, prepacked, roasted/baked",22.4
Milanese-style chicken escalope or breaded chicken escalope,7.25
Milanese-style turkey escalope or breaded turkey escalope,14.1
"Shepherd's pie or cottage pie with meat, prepacked",5.99
Couscous with mutton,8.31
"Couscous with meat or chicken, reduced fat, prepacked",5.9
"Pre-fried potatoes, pan-fried, with bacon bits or chicken, without green vegetables, prepacked",3.2
"Couscous royal (with different meats), prepacked",7.69
Couscous with chicken,7.5
"Couscous with meat, prepacked",7.59
"Shepherd's pie with duck, prepacked, to cook",6.82
"Shepherd's pie with duck, prepacked, cooked",7.0
"White bean stew, canned",8.06
"Sauerkraut, with garnish (cooked meats), prepacked",5.06
"Salt-cured pork belly with lentils, prepacked",8.24
"Boiled meat with vegetables, prepacked",10.9
"Beef stew with carrots, prepacked",13.2
"Pork sausage stew with cabbage, carrots and potatoes",7.28
"White bean stew, with pork, canned",8.3
"White bean stew, with duck or goose, canned",10.5
"Stuffed tomatoes, prepacked",6.0
"Stuffed cabbage, prepacked",5.3
"Chili con carne, prepacked",7.13
"Moussaka, prepacked",5.82
Stewed lamb garnished with potatoes and other vegetables,9.72
"Mutton tagine, prepacked",12.8
"Osso buco from veal (with vegetables and white wine), homemade",12.5
"Molokhia,beef-based mdish with jute mallow (or nalta jute), home-made",10.6
"Chicken, Basque-style, prepacked",9.3
"Chicken tagine, prepacked",7.54
"Chop suey (pork or chicken, vegetables), prepacked",5.0
Stuffed vegetables (excluding tomato),4.71
"Mussels, in a oignon and white wine broth, prepacked",10.3
"Mussels, filled (fat, parsley and garlic…), prepacked, raw",9.56
"White fish with sauce, prepacked (average)",13.2
"Fish or seafood au gratin, intended to be cooked, prepacked, raw",6.13
"Fish and shrimp au gratin, prepacked, cooked",6.69
"Salmon with sorrel, prepacked",9.5
"White fish with bordelaise sauce, prepacked",14.8
"White fish with Provencal-style sauce (tomato sauce), prepacked",9.31
"White fish with Florentine-style sauce (spinach sauce), prepacked",12.0
"White fish with shallots, mussels and white wine sauce, prepacked",11.5
"White fish with mustard sauce, prepacked",9.2
"White fish with Parisian-style sauce (mushrooms sauce), prepacked",9.0
"White fish with tarragon sauce, prepacked",8.8
"White fish with sorrel sauce, prepacked",11.8
"Stuffed salmon, prepacked",18.8
Fish on skewer,18.0
Shrimps on skewer,16.4
"Fish, cooked (average)",22.5
"White fish, cooked (average)",22.0
"Paëlla, prepacked",7.86
Couscous with fish,7.5
"Fish brandade or fish shepherd's pie, prepacked",6.39
"Paëlla, home-made",6.38
"Sushi or maki, with seafood products",6.69
"Vegetable terrine or mousse, prepacked",6.67
Vegetable flan with eggs,5.38
"Haricot beans with tomato sauce, canned",4.83
"Piperade, Basque-style (fondue of sweet peppers and tomatoes with onions and garlic), prepacked",1.1
"Vegetables, pan-fried without mushrooms, seasonned, frozen, raw",2.6
"Vegetables, pan-fried or stir-fried, seasonned, Asian-style, frozen, raw",1.75
"Vegetables, pan-fried or stir-fried, seasonned, Mediterranean-style, frozen, raw",1.61
"Vegetables with mushrooms, pan-fried or stir-fried, seasonned, country-style, frozen",1.5
"Ratatouille, seasoneded, prepacked",1.22
"Spinach with cream sauce, prepacked",2.5
"Eggplant au gratin, prepacked",1.5
"Dauphiné-style creamed potatoes au gratin, prepacked",3.38
"Chicory with ham in sauce, prepacked",7.44
"Cauliflower au gratin, prepacked",3.0
"Vegetables au gratin, prepacked",3.44
"Riste (Eggplant, tomatoes, onions), prepacked",1.05
"Vegetable rosti, pre-fried, frozen",2.33
"Vegetable rosti, pre-fried, frozen, cooked",3.31
"Sauerkraut, seasoned and cooked with bacon bits, without garnish, drained, cooked",1.38
"Vegetables au gratin, home-made",3.15
"Provencal-style tomato (breaded tomatoes stuffed with garlic and parsley), home-made",1.65
Vegetable fritters,4.0
"Falafel, from take-away",8.25
"Vegetables au gratin in bechamel sauce, prepacked, cooked",3.64
"Falafel, prepacked",7.38
"Durum wheat, pre-cooked, seasoned, cooked, in a microwaveable bag",4.86
"Asian noodles, seasoned (beef, chicken, vegetables), cooked",4.78
"Ravioli filled with meat, in tomato sauce, canned",4.22
"Lasagna or cannelloni with meat (bolognese sauce), prepacked",6.29
"Bolognese-style pasta (spaghetti, tagliatelle…), prepacked",5.32
"Cantonese rice, prepacked",5.46
"Dumplings, steamed, with shrimps, cooked",5.5
"Pasta with ham au gratin, prepacked",7.06
"Lasagna or cannelloni with vegetables, prepacked",4.38
"Carbonara-style pasta (spaghetti, tagliatelle…), prepacked",5.91
"Lasagna or cannelloni with fish, prepacked",7.28
"Fresh pasta, stuffed with cheese (e.g. ravioli), prepacked, cooked",10.0
"Couscous with vegetables, prepacked",4.32
"Fresh pasta, stuffed with cheese and vegetables (e.g. ravioli), cooked, prepacked",7.94
"Fresh pasta, stuffed with meat (e.g. bolognese-style ravioli), prepacked, raw",11.4
"Fresh pasta, stuffed with meat (e.g. bolognese-style ravioli), prepacked, cooked",6.94
"Fresh pasta, stuffed with cheese (e.g. ravioli, prepacked, raw",11.3
"Fresh pasta, stuffed with cheese and vegetables (e.g. ravioli), prepacked, raw",9.98
"Noodles with shrimps, prepacked, sautéed/pan-fried, without added fat",4.88
"Risotto, with vegetables, prepacked",2.74
"Risotto, with seafood, prepacked",5.47
"Risotto, with cheeses, prepacked",5.65
"Ravioli filled with vegetables, in tomato sauce, canned",2.88
"Fresh pasta, stuffed with vegetables (e.g. ravioli), prepacked, cooked",5.19
"Pasta with cheese sauce (spaghetti, tagliatelle…), prepacked",7.17
"Fresh pasta, stuffed with vegetables (e.g. ravioli), prepacked, raw",9.4
"Pasta (e.g. ravioli), filled, cooked (average)",7.97
"Vine leaf stuffed wih rice or dolmas, drained, prepacked",2.5
"Lasagna or cannelloni with vegetables and goat cheese, prepacked, cooked",7.0
"Noodles, asian style, instant, flavoured, cooked",3.75
"Lasagna or cannelloni with goat cheese and spinach, prepacked",6.1
"Mashed potatoes with fresh tome cheese, prepacked",8.06
"Cheese, breaded, to grill, prepacked, from goat's milk",12.9
Cheese soufflé,10.9
"Tartiflette (cheese fondue with potatoes, reblochon cheese, bacon bits…), prepacked",6.0
Small cheese chou-pastry puff,16.2
"Savoy-style fondue cheese preparation (cheese, white wine …), prepacked",14.9
"Cheese with ham, breaded, prepacked",17.4
Plant-based burger or steak from soybean,15.5
"Soy and wheat burger or bite (vegan), prepacked",19.5
"Soy and wheat burger or bite (not vegan), prepacked",17.6
"Wheat-based nuggets, breaded croquette (wo soybean), prepacked",12.6
"Soybean and wheat-based nuggets, breaded croquette (not vegan), prepacked",14.1
"Soybean and wheat-based nuggets, breaded croquette (vegan), prepacked",15.5
"Schnitzel, soybean and wheat-based (not vegan), prepacked",14.4
"Schnitzel or stick, soybean and wheat-based (vegan), prepacked",16.9
"Schnitzel, soybean, wheat and cheese-based, cordon bleu-style, prepacked",15.2
"Ravioli filled with tofu, in tomato sauce, prepacked",3.13
"Cereal burger with cheese (without soybean), prepacked",7.0
"Cereal burger with végétables (without soybean), prepacked",5.31
"Plant-based ball with wheat and/or soybean, prepacked",17.6
"Plant-based burger or steak from lentil, soybean and vegetables, prepacked",9.71
"Plant-based burger or steak from wheat (seitan) and vegetables, prepacked",12.5
"Plant-based burger or steak from wheat and soybean (vegan), prepacked",16.0
"Plant-based burger or steak from wheat and soybean (not vegan), prepacked",10.2
"Plant-based burger or steak from soybean and cheese, prepacked",16.8
"Plant-based burger or steak from soybean and vegetables, prepacked",13.1
"Plant-based burger or steak from soybean, cheese and vegetables, prepacked",15.1
"Soy-based minced meat imitate, prepacked",11.5
"Pizza, cheese and tomato (Margherita), prepacked",8.55
"Quiche Lorraine (eggs and lardoons quiche), prepacked",8.39
"Crepe or buckwheat pancake, filled with ham, prepacked",7.5
"Crepe or buckwheat pancake, filled with cheese, ham and béchamel sauce, prepacked",9.83
"Crepe or buckwheat pancake, filled with mushrooms and béchamel sauce, prepacked, frozen",4.5
"Tart, vegetables, prepacked",5.0
"Pizza, ham and cheese, prepacked",10.7
"Tart, cheese, prepacked",9.44
"Tart, Provence-style, prepacked",5.34
"Pizza, Bolognese-style with meat, prepacked",9.7
Burritos with beef,8.0
"Fajitas, home-prepared from kit",12.7
"Pizza, chorizo or salami, prepacked",9.88
"Pizza, seafood, prepacked",9.67
"Pizza, salmon, prepacked",9.28
"Pizza, goat cheese and lardoons, prepacked",10.3
"Pizza, vegetables or (4 seasons), prepacked",7.58
"Pizza, cheese and mushrooms, prepacked",8.0
"Pizza, cheeses, prepacked",11.2
Pizza (average),10.0
"Pizza, onion anchovy and black olives, prepacked",4.8
"Tart, onion, prepacked",7.0
"Pizza, ham cheese and mushrooms (Regina), prepacked",9.5
"Crepe or buckwheat pancake, filled with cheese and béchamel sauce, prepacked",6.5
"Flamed tart (thin-crusted onion tart with cream and lardoons), prepacked",8.81
"Crepe or buckwheat pancake, filled with cheese, ham, mushrooms and béchamel sauce, prepacked",6.56
"Tart, leek, prepacked",5.29
"Tart, salmon, prepacked",8.41
"Pie (pork, riesling wine, mushrooms), prepacked",10.2
"Tart, tomato, prepacked",6.0
"Crepe or buckwheat pancake, filled with egg, ham and cheese, prepacked",15.3
"Tart, scallops tart, prepacked",7.2
"Pastilla filled with chicken (pie), prepacked",12.3
"Pizza, lardoons onions and cheese, prepacked",8.16
"Crepe or buckwheat pancake, filled with scallops, prepacked",6.1
"Tart, savoury (average)",8.04
"Crepe or buckwheat pancake, filled with mushrooms and béchamel sauce, prepacked, cooked",5.5
"Tart (flamiche), Maroilles cheese, prepacked",14.0
"Crepe or buckwheat crepe, filled with fish and/or seafood, prepacked",7.0
"Crepe or buckwheat pancake, filled with lardoons and goat cheese, prepacked",8.08
"Pizza, goat cheese, prepacked",9.95
"Ham and mushroom pancake in cheese sauce, prepacked",8.6
"Tart, goat cheese and spinach, prepacked",6.69
"Pie, squid and spicy tomato sauce, prepacked",8.5
"Pizza, tuna, prepacked",10.2
"Pizza, kebab, prepacked",9.4
"Pizza, chicken, prepacked",9.88
"Pizza, raclette or tartiflette cheese, prepacked",9.66
"Pizza, cured ham, prepacked",10.9
"Focaccia, filled",8.0
"Fougasse, filled",9.53
"Toasted ham and cheese sandwich, w butter, homemade",14.3
"Hot-dog, prepacked",10.9
"Hamburger, from fast food",13.3
"Cheeseburger, from fast food",13.7
"Cheeseburger, double, from fast food",15.5
"Fish burger, from fast food",12.2
"Sandwich, pita bread, kebab and raw vegetables",15.2
"Sandwich, baguette, kebab and raw vegetables",15.0
"Sandwich, baguette, tuna, raw vegetables and mayonnaise, homemade",10.3
"Sandwich, panini bread, cured ham, mozzarella cheese and tomato, toasted",14.2
"Sandwich, baguette, ham, hard-boiled egg, raw vegetables and butter",10.1
"Sandwich, baguette, chicken, raw vegetables and mayonnaise, homemade",10.4
"Sandwich, baguette, ham and emmental cheese, prepacked",12.7
"Sandwich, baguette, smoked salmon and butter",11.5
"Sandwich, baguette, tuna, sweet corn and raw vegetables, prepacked",8.87
"Sandwich, panini bread, three-cheese, toasted",17.0
"Chicken burger, from fast food",12.7
"Large round sandwich with lettuce, tuna, anchovy and black olives",7.95
"Sandwich, baguette, ham and butter, homemade",11.6
"Sandwich, baguette, camembert cheese and butter, homemade",11.9
"Sandwich, baguette, pâté and pickles",10.1
"Sandwich, baguette, dry sausage and butter, homemade",13.7
"Sandwich, baguette, ham, emmental cheese and butter",13.4
Sandwich (average),12.4
"Canapés (savoury toasts with various toppings), prepacked",9.09
"Sandwich, baguette, raw vegetables and mayonnaise",6.54
"Sandwich, baguette, turkey, raw vegetables and mayonnaise",12.4
"Sandwich, baguette, egg, raw vegetables and mayonnaise",8.52
"Sandwich, baguette, pork, raw vegetables and mayonnaise",12.0
"Sandwich, baguette, merguez sausage, ketchup and mustard",13.1
"Sandwich, baguette, salami and butter",12.5
"Toasted ham and cheese sandwich, topped with a fried egg, homemade",13.7
Sandwich baguette (average),11.7
"Toasted ham and cheese sandwich, prepacked",10.6
"Sandwich, club, wholemeal bread, tuna and raw vegetables, prepacked",9.48
"Sandwich, club, wholemeal bread, ham and cheese, prepacked",11.2
"Sandwich, club, wholemeal bread, chicken and raw vegetables, prepacked",8.75
"Sandwich, club, wholemeal bread, ham, prepacked",10.1
"Sandwich, baguette, tuna, raw vegetables and mayonnaise, from fast food",9.31
"Sandwich, baguette, ham and butter, takeaway",10.4
"Sandwich, baguette, ham and emmental cheese, takeaway",12.0
"Sandwich, baguette, chicken, raw vegetables and mayonnaise, takeaway",10.3
"Sandwich, baguette, dry sausage and butter, takeaway",10.4
"Sandwich, baguette, camembert cheese and butter, takeaway",11.4
"Sandwich, club, wholemeal bread, dry sausage, prepacked",11.9
"Chicken burger, prepacked",12.4
"Cheeseburger, prepacked",13.6
"Sandwich, club, wholemeal bread, bacon and raw vegetables, prepacked",9.28
"Sandwich, wrap, vegetarian",9.28
"Sandwich, wrap, chicken and raw vegetables",9.57
"Sandwich, wrap, ham and raw vegetables",8.55
"Sandwich, club, wholemeal bread, tuna, egg and raw vegetables, prepacked",9.78
"Sandwich, club, wholemeal bread, smoked salmon, prepacked",8.63
"Sandwich, club, wholemeal bread, ham, egg and raw vegetables, prepacked",8.97
"Sandwich, club, wholemeal bread, ham, cheese and raw vegetables, prepacked",9.81
"Sandwich, club, wholemeal bread, ham and raw vegetables, prepacked",8.51
"Sandwich, Viennese bread, ham, egg and raw vegetables, prepacked",9.16
"Sandwich, Viennese bread, tuna, egg and raw vegetables, prepacked",9.74
"Sandwich, Viennese bread, chicken, egg and raw vegetables, prepacked",9.94
"Sandwich, Viennese bread, chicken and raw vegetables, prepacked",10.1
"Sandwich, polar bread, chicken and raw vegetables, prepacked",9.81
"Sandwich, polar bread, salmon, prepacked",10.7
"Sandwich, polar bread, ham and cheese, prepacked",10.5
"Sandwich, club, wholemeal bread, chicken, prepacked",11.2
"Sandwich, baguette, chicken, raw vegetables, prepacked",9.0
"Savoury cake (with cheese, vegetables, meat, fish, poultry, etc.), prepacked",11.6
"Samosas or samoosas or filled filo pastry, prepacked, cooked",9.33
"Fish or seafood in puff pastry, prepacked, to cook",6.55
"Chinese specialty or dumplings, prepacked",5.9
"Ham and cheese puffed pastry, prepacked",8.46
"Cheese puff pastry, prepacked, to cook",6.08
"Snails in puff pastry, prepacked",6.69
"Cheese puff pastry, prepacked, cooked",8.25
"Meat puff pastry, prepacked",9.59
Vol-au-vent with meat/poultry/quenelle,6.12
"Croissant filled with ham and cheese, homemade",7.9
Spring roll,4.57
"Samosas or samoosas or filled filo pastry, home-made, cooked",12.2
"Vol-au-vent with fish and seafood, homemade",6.72
"Ham and cheese puffed pastry, homemade",8.76
"Meat, poultry or fish fritters, home-made, cooked",18.7
"Fritter, filled with eggs (filo pastry), home-made, cooked",10.4
"Brick pastry with beef, home-made, cooked",10.4
"Fritter, filled with potatoes (filo pastry), home-made, cooked",3.25
"Puff pastry, savoury (average)",8.43
"Vol-au-vent, filled (average)",6.42
"Egg roll or nem, with chicken, prepacked, cooked",8.06
"Egg roll or nem, with pork, prepacked, cooked",6.88
"Egg roll or nem, with shrimp and/or crab, prepacked, cooked",7.44
"Egg roll or nem, prepacked, cooked (average)",7.45
"Croissant filled with ham and cheese, prepacked",8.92
"Avocado, flesh without skin, pitted, raw",1.56
"Chayote, raw",0.82
"Alfalfa seeds, sprouted",3.38
"Radish seeds, sprouted, fresh, raw",3.23
"Swiss chard, stalk without leaves, raw",1.0
"Carrot, raw",0.78
"Mushroom, all types, raw",2.42
"Curly endive, raw",1.7
"Red cabbage, raw",1.13
"Cauliflower, raw",1.81
"Cucumber, flesh and skin, raw",0.65
"Courgette or zucchini, flesh and skin, raw",1.21
"Watercress, raw",2.3
"Celery stalk, raw",0.63
"Chicory, raw",1.19
"Fennel, raw",1.0
"Lettuce, raw",1.35
"Onion, raw",1.1
"Dandelion, raw",2.7
"Leek, raw",1.5
"Sweet pepper, green, yellow or red, raw",0.8
"Pumpkin, raw",1.05
"Radish, raw",0.94
"Artichoke, globe, raw",3.27
"Eggplant, raw",0.98
"Cardoon, raw",0.7
"Celeriac, raw",1.38
"Button mushroom or cultivated mushroom, raw",2.11
"Broccoli, raw",2.9
"Brussels sprout, raw",3.38
"Spinach, raw",2.68
"French bean, raw",1.83
"Turnip, peeled, raw",0.9
"Kohlrabi, raw",1.7
"Green cabbage, raw",1.43
"French bean, frozen, raw",1.79
"Garden peas, raw",5.42
"Cauliflower, frozen, raw",2.01
"Spinach, frozen, raw",3.32
"Garden peas, frozen, raw",5.86
"Sweet pepper, green, raw",0.81
"Sweet pepper, red, raw",1.06
"Radish, black, raw",0.94
"Escaroles, raw",1.44
"Beetroot, raw",1.61
"Shallot, raw",1.81
"Lamb's lettuce, raw",2.0
"Mixed vegetables, frozen, raw",2.26
"Chanterelle or girolle mushroom, raw",1.49
"Morel, raw",3.12
"Black truffle, raw",5.77
"Corn, on the cob, frozen, raw",3.36
"Sorrel, raw",1.89
"Oyster mushroom, raw",3.31
"White cabbage, raw",1.38
"Tomato, green, raw",1.2
"Lettuce, var. batavia, raw",1.25
"Purslane, leaf, raw",2.03
"Pumpkin (cucurbita moschata), flesh without skin, raw",0.55
"Red kuri squash, flesh without skin, raw",0.95
"Sweet green hokkaido squash, flesh without skin, raw",1.4
"Squash, melonnette jaspée from Vendée, flesh without skin, raw",0.75
"Squash, butternut, flesh without skin, raw",1.0
"Squash, all types, raw",0.95
"Squash, spaghetti, flesh without skin, raw",0.64
"Chili pepper, raw",1.87
"Caesar's mushroom or royal agaric, raw",2.0
"Cep or boletus mushroom, raw",3.23
"Field mushroom, raw",2.3
"Red endive, raw",1.4
"Green endive, raw",1.9
"Pumpkin, flesh without skin, raw",1.0
"Chinese cabbage (nappa cabbage), raw",1.25
"Sweet pepper, yellow, raw",0.94
"Cos or romaine lettuce, raw",1.23
"Tomato, cherry, raw",1.31
"Snow pea, raw",2.8
"Parsnip, raw",1.2
"Mung bean, sprouted, raw",2.57
"Tomato, beef heart, raw",0.5
"Butter bean or yellow bean, raw",1.82
"Salsify, black, raw",3.13
"Bamboo shoots, raw",2.6
"Garden cress, raw",2.6
"Iceberg lettuce, raw",0.95
"Rutabaga or Swede, raw",1.08
"Butter bean or yellow bean, frozen, raw",1.8
"Broccoli, frozen, raw",2.78
"Brussels sprout, frozen, raw",3.78
"Carrot, frozen, raw",0.78
"Cucumber, flesh without skin, raw",0.56
"Garden peas and carrots, frozen, raw",3.4
"Roman rocket, raw",2.58
"Curly kale, raw",4.28
"Button mushroom or cultivated mushroom, frozen, raw",1.87
"Courgette or zucchini, flesh and skin, frozen, raw",1.08
"Chinese or Japanese artichokes, frozen, raw",7.38
"Artichoke globe, base, frozen, raw",1.89
"Corn, frozen, raw",3.28
"Turnip, frozen, raw",1.04
"Onion, frozen, raw",0.89
"Leek, frozen, raw",1.48
"Salsify, frozen, raw",2.34
"Red onion, raw",1.31
"Yellow onion, raw",1.19
"Mixed vegetables for soups, frozen, raw",1.33
"Thinly-shredded or diced vegetables, frozen, raw",1.19
"Mixed vegetables for ratatouille, frozen",1.01
"Spring vegetables, frozen, raw (green peas, potatoes, green beans, carrots, onions)",2.4
"Flat bean, raw",1.93
"Spinach, young leaves for salad, raw",2.06
"Mesclun or salads, mix of baby leaves",2.0
"Tomato, round, raw",0.5
"Asparagus, green, raw",2.46
"Romanesco cauliflower or romanesco broccoli, raw",2.95
"Asparagus, white or purple, peeled, raw",2.2
"Glasswort (Salicornia sp.), fresh, raw",1.02
"Lettuce, sucrine, raw",1.13
"Lettuce, oak-leaf, raw",1.13
"Chinese cabbage, pak choï ou pak choy, raw",1.5
"Tomato, marmande, raw",
"Tomato, black krim, raw",
"Tomato, long, raw",
"Kale, raw",2.92
"Drumstick or moringa pods, raw",2.1
"Drumstick or moringaleaves, raw",9.4
"Tomato, raw (average)",0.6
"Mixed vegetables for couscous, frozen, raw",1.93
"Lentils seeds, sprouted, fresh, raw",8.96
"Tomato, bunch, raw",0.5
"Green salad, raw, without seasoning",1.01
"Raw vegetables, without dressing (average)",0.91
"Plantain banana, raw",1.3
"Okra, raw",1.93
"Chayote, boiled/cooked in water",0.62
"Sweet pepper, green , yellow or red, cooked (average)",1.11
"Artichoke, globe, cooked",2.53
"Eggplant, cooked",0.83
"Beetroot, cooked",1.44
"Swiss chard, stalk without leaves, cooked",0.7
"Carrot, canned, drained",0.7
"Mushroom, all types, canned, drained",1.87
"Green cabbage, cooked",1.03
"Cauliflower, boiled",1.6
"Palm heart, canned, drained",2.51
"Courgette or zucchini, flesh and skin, cooked",0.93
"Celeriac, cooked",1.3
"Spinach, cooked",3.2
"Mung bean, sprouted, canned, drained",1.48
"French bean, cooked",2.0
"Turnip, cooked",0.9
"Onion, cooked",1.3
"Garden peas, canned, drained",4.87
"Garden peas, cooked",5.8
"Leek, cooked",0.81
"Salsify, cooked",2.73
"Tomato, peeled, canned, drained",0.9
"Corn, on the cob, cooked",3.41
"Mixed diced vegetables, canned, drained",2.32
"Spinach, canned, drained",2.81
"French bean, canned, drained",1.34
"Butter bean or yellow bean, canned, drained",1.2
"Corn, sweet, canned, drained",2.66
"Artichoke, canned, drained",1.5
"Tomato paste, concentrated, canned",4.4
"French bean, frozen, cooked",1.49
"Artichoke, globe, steamed",2.63
"Asparagus, canned, drained",1.57
"Brussels sprout, canned, drained",2.5
"Celery stalk, canned, drained",0.63
"Button mushroom or cultivated mushroom, canned, drained",2.0
"Salsify, canned, drained",1.33
"Sweet pepper, green, cooked",0.92
"Sweet pepper, red, cooked",1.17
"Garden peas and carrots, canned, drained",2.52
"Kohlrabi, boiled/cooked in water",1.8
"Red cabbage, boiled/cooked in water",1.51
"Pumpkin, cooked",0.81
"Button mushroom or cultivated mushroom, boiled/cooked in water",2.17
"Fennel, boiled/cooked in water",1.13
"Garden peas, frozen, cooked",5.15
"Button mushroom or cultivated mushroom, sautéed/pan-fried, without added fat",4.44
"Leeks fondue or slow-simmered leeks, prepacked",1.1
"Tomato, peeled, canned, in juice, solids and liquids",0.79
"Squash, butternut, flesh without skin, boiled",0.69
"Squash, spaghetti, flesh without skin, cooked",0.66
"Artichoke, globe, heart, canned, drained",1.8
"Artichoke, globe, base, canned, drained",1.2
"New Zealand spinach, cooked",1.3
"Rutabaga or Swede, cooked",0.93
"Tomato flesh without skin, canned",1.2
"Tomato puree, canned",1.5
"Bamboo shoots, canned, drained",1.63
"Shiitake mushroom, cooked",1.56
"Snow pea, boiled/cooked in water",2.25
"Curly kale, cooked",1.9
"Chinese cabbage (nappa cabbage), sautéed/pan-fried, without added fat",1.06
"Cardoon, cooked",0.76
"Tomato, flesh and skin, boiled/cooked in water",0.95
"Snow pea, cooked",3.5
"Shallot, cooked",2.13
"French bean, puree",1.7
"Vegetables (3-4 types), mashed",1.94
"Broccoli, puree",2.5
"Tomato coulis, canned (tomato puree semi-reduced 11%)",2.05
"Carrots, puree",0.88
"Courgette or zucchini, puree",2.8
"Tomato paste, double concentrate, canned",3.75
"Mixed diced vegetables, pre-cooked, to be recooked, frozen",4.0
"Sweet pepper, red, canned, drained",0.96
"Asparagus, white, boiled/cooked in water",1.44
"Celeriac, puree",1.37
"Garden peas, puree",4.8
"Tomato, flesh and skin, roasted/baked",1.0
"Romanesco cauliflower or romanesco broccoli, cooked",3.0
"Red kuri squash, flesh without skin, braised",1.31
"Pumpkin (cucurbita moschata), flesh without skin, cooked",1.06
"Carrots, , seasoned puree with cream, prepacked",1.44
"Asparagus, green, boiled/cooked in water",2.69
"Eggplant, flesh and skin, roasted/baked",1.31
"Swiss chard, leaf and stalk, boiled/cooked in water",0.88
"Broccoli, boiled/cooked in water, crunchy",2.5
"Broccoli, boiled/cooked in water, tender",2.19
"Broccoli, steamed",4.13
"Carrot, boiled/cooked in water, crunchy",0.75
"Carrot, boiled/cooked in water, tender",0.25
"Carrot, steamed",0.63
"White cabbage, boiled/cooked in water",1.0
"Brussels sprout, boiled/cooked in water",3.19
"Red cabbage, braised",1.19
"Green cabbage, boiled/cooked in water",1.63
"Cauliflower, steamed",2.56
"Courgette or zucchini, flesh and skin, roasted/baked",1.5
"Celery stalk, braised",0.75
"Celeriac, boiled/cooked in water",0.94
"Chicory, roasted/baked",1.13
"Fennel, braised",0.25
"Butter bean or yellow bean, boiled/cooked in water",2.19
"French bean, boiled/cooked in water",1.75
"Turnip, boiled/cooked in water",0.75
"Onion, white or yellow, sautéed/pan-fried, without added fat",1.56
"Spring onion, sautéed/pan-fried, without added fat",1.13
"Onion, red, sautéed/pan-fried, without added fat",1.69
"Parsnip, braised",1.94
"Garden peas, boiled/cooked in water",6.38
"Leek, boiled/cooked in water",2.56
"Sweet pepper, yellow, sautéed/pan-fried, without added fat",1.0
"Sweet pepper, red, sautéed/pan-fried, without added fat",0.94
"Sweet pepper, green, sautéed/pan-fried, without added fat",1.25
"Red kuri squash, flesh without skin, boiled/cooked in water",1.06
"Pumpkin, roasted/baked",0.25
"Salsify, boiled/cooked in water",2.63
"Shallot, sautéed/pan-fried, without added fat",2.0
"Spinach, boiled/cooked in water",3.38
"Chinese cabbage, pak choï ou pak choy, cooked",1.56
"Asparagus, boiled/cooked in water (average)",1.97
"Broccoli, boiled/cooked in water (average)",2.19
"Broccoli, cooked (average)",3.17
"Carrot, boiled/cooked in water (average)",0.25
"Carrot, cooked (average)",0.37
"Celery stalk, cooked (average)",0.63
"Red cabbage, cooked (average)",1.26
"Fennel, cooked (average)",0.36
"Red kuri squash, flesh without skin, cooked (average)",1.06
"Tomato, flesh and skin, cooked (average)",0.97
"Mixed vegetables for couscous, cooked",1.58
"Vegetable, cooked (average)",1.68
"Chinese or Japanese artichokes, cooked",2.13
"Okra, cooked",1.87
"Carrot, dehydrated",8.1
"Onion, dried",8.95
"Tomato, dried",14.1
"Cloud ear fungus, dried",7.5
"Shiitake mushroom, dried",9.58
"Tomato, dried, in oil",5.06
"Yellow banana, flesh without skin, steamed, sampled in the island of La Martinique",1.06
"Pumpkin (local variety), crisps, sampled in the island of La Martinique",
"Pumpkin (phoenix variety), crisps, sampled in the island of La Martinique",
"Caribbean cabbage, pulp, steamed, sampled in the island of La Martinique",3.25
"Chayote, white skin, flesh without skin, pitted, steamed, sampled in the island of La Martinique",1.21
"Chayote, green skin, flesh without skin, pitted, steamed, sampled in the island of La Martinique",1.23
"Chayote, white skin, flesh without skin, pitted, canned, solids and liquids, sampled in the island of La Martinique",
"Chayote, white skin, flesh and skin, pitted, steamed, frozen, sampled in the island of La Martinique",
"Cucumber, flesh without skin, with seeds, raw, sampled in the island of La Martinique",0.73
"Cucumber, flesh and skin, raw, sampled in the island of La Martinique",0.42
"Watercress, leaf, raw, sampled in the island of La Martinique",2.25
"Dachine, pulp, steamed, sampled in the island of La Martinique",1.15
"Sweet potato flour, sampled in the island of La Martinique",
"Breadfruit, flesh without skin, steamed, sampled in the island of La Martinique",1.29
"Pumpkin (local variety), flesh without skin, steamed, sampled in the island of La Martinique",1.1
"Pumpkin (local variety),flesh without skin, steamed, frozen, sampled in the island of La Martinique",
"Pumpkin (local variety), flesh without skin, grated, raw, sampled in the island of La Martinique",
"Pumpkin (phoenix variety), flesh without skin, steamed, sampled in the island of La Martinique",1.03
"Pumpkin (phoenix variety), flesh without skin, grated, raw, sampled in the island of La Martinique",
"Pumpkin (phoenix variety), flesh without skin, frozen, steamed, sampled in the island of La Martinique",
"Okra, whole, canned, solids and liquids, sampled in the island of La Martinique",
"Okra, whole, canned, steamed, sampled in the island of La Martinique",1.8
"Okra, flesh without peduncle, blanched, frozen, sampled in the island of La Martinique",0.24
"Yam cousse-couche, pulp, steamed, sampled in the island of La Martinique",1.65
"Yam yellow, pulp, steamed, sampled in the island of La Martinique",2.04
"Yam St Martin, pulp, steamed, sampled in the island of La Martinique",2.25
"Jerusalem artichoke, pulp, steamed, sampled in the island of La Martinique",1.23
"Kamanioc, pulp, steamed, sampled in the island of La Martinique",0.6
"Massissi, flesh, raw, sampled in the island of La Martinique",2.58
"Papaya immature, flesh without skin, raw, from Martinique",0.67
"Papaya immature, flesh without skin, steamed, sampled in the island of La Martinique",0.63
"Sweet potato, pulp, blanched, frozen, sampled in the island of La Martinique",
"Sweet potatoes, pulp, steamed, sampled in the island of La Martinique",1.48
"Pigeon pea, whole, steamed, sampled in the island of La Martinique",16.3
"Ti nain, flesh without skin, steamed, sampled in the island of La Martinique",1.13
"Tomato, whole, raw, sampled in the island of La Martinique",1.06
"Breadfruit, raw",1.07
"Chinese cabbageor bok choï bredes, rods and leafs, steamed, from the island La Réunion (Brassica rapa subsp. Chinensis)",1.69
"Chayote, without skin, pitted, steamed, sampled in the island La Réunion (Sechium edule)",0.63
"Tapioca, raw",0.19
"Potato, peeled, roasted/baked",1.96
"Potato, boiled/cooked in water",1.8
"Potato, crisps, plain or flavoured, standard",6.0
"Potato, new, boiled/cooked in water",1.44
"Potato, peeled, raw",2.02
"Potato, canned, drained",1.58
"Noisette potato, frozen, raw",2.44
"Potato, steamed, vacuum-packed",1.84
"Potato, sautéed/pan-fried with fat",2.5
"Potato flakes, dehydrated, with milk or cream",10.1
"Mashed potatoes, made from flakes, reconstituted with whole milk, with added fat",1.92
"Mashed potatoes, prepared with milk and butter, no added salt",1.89
"Mashed potatoes, made from flakes, reconstituted with semi-skimmed milk and water, no added salt",2.63
"Dauphine potato, frozen, raw",4.25
"Dauphine potato, frozen, cooked",4.5
"Potato flakes, dehydrated, plain",8.0
"Potato, new, raw",1.94
"Potato wedge, spiced, frozen, cooked",3.25
"Potato, roasted/baked",2.5
"Potato, sautéed/pan-fried, pre-fried, frozen, cooked",2.81
"Potato, ware, peeled, boiled/cooked in water",1.81
"Potato, early, peeled, boiled/cooked in water",1.84
"French fries or chips, frozen, roasted/baked",3.75
"French fries or chips, frozen, deep-fried",3.28
"Duchesse potato, frozen, cooked",3.44
"Noisette potato, frozen, cooked",2.81
"Potato, sautéed/pan-fried with goose fat",2.44
"Potato crisps, plain or flavoured, old style",5.62
"Potato crisps and similar, plain or flavoured, reduced fat",6.57
Rostis,2.38
"Mashed potatoes, prepared with milk and butter, salted",1.98
"Duchesse potato, frozen, raw",2.41
"Potato, sautéed/pan-fried, pre-fried, frozen, raw",2.35
"French fries or chips, frozen, pre-fried, raw, to cook in the oven",2.38
"French fries or chips, frozen, pre-fried, aw, to be microwave",3.26
"French fries or chips, frozen, pre-fried, raw, to deep-fry",3.12
Mashed potatoes (average),2.1
"Potato, cooked (average food)",2.05
"Potato, croquette, frozen, raw",2.52
"Potato, crisps, plain or flavoured, no added salt",6.2
"Potato, sarladaise-style (goose fat, garlic and parsley), frozen, raw",2.27
"Potato wedge, spiced, frozen, raw",2.48
"Potato, grenaille, pre-fried, frozen, raw",2.4
"Sweet potato, raw",1.57
"Sweet potato, cooked",1.69
"Sweet potato, puree, cooked with cream",1.1
"Jerusalem artichoke, cooked",1.8
"Jerusalem artichoke, raw",2.0
"Plantain banana, cooked",0.79
"Taro, tuber, raw",1.5
"Taro, tuber, cooked",0.52
"Yam, peeled, raw",1.53
"Yam, peeled, boiled/cooked in water",1.49
"Yam, raw",1.25
"Cassava or manioc, root, raw",1.36
"Cassava or manioc, root, cooked",0.69
"Coco bean, boiled/cooked in water",9.63
"Lentil, boiled/cooked in water (average)",10.1
"Broad bean, boiled/cooked in water",8.06
"Haricot bean, boiled/cooked in water",6.75
"Red kidney bean, boiled/cooked in water",9.63
"Split pea, boiled/cooked in water",8.6
"Chick pea, boiled/cooked in water",8.31
"Flageolet bean, canned, drained",6.1
"Lentil, seasoned, canned, drained",6.83
"Haricot bean, canned, drained",5.88
"Flageolet bean, boiled/cooked in water",6.75
"Red kidney bean, canned, drained",8.31
"Mung bean, fresh, boiled/cooked in water",7.54
"Chick pea, canned, drained",6.74
"Flageolet bean, green, boiled/cooked in water",8.5
"Broad bean, peeled, fresh, frozen, boiled/cooked in water",6.4
"Broad bean, fresh, frozen, boiled/cooked in water",5.6
"Lentil, green, boiled/cooked in water",10.1
"Lentil, blond, boiled/cooked in water",9.7
"Lentil, pink or red, boiled/cooked in water",10.6
"Legume, cooked (average)",8.22
"Broad bean, to shell, fresh, raw",6.76
"Pigeon-pea, immature, fresh, raw",7.2
"Lima bean, raw",6.84
"flageolet bean, fresh, frozen, raw",9.32
"Broad bean, peeled, fresh, frozen, raw",9.55
"Lentil, dried (average)",25.1
"Haricot bean, dried",23.4
"Split pea, dried",23.8
"Chick pea, dried",20.5
"Broad bean, dried",26.1
"Red kidney bean, dried",22.5
"Beans, mung, mature, seeds, dried",25.2
"Lupin, seed, dried",36.2
"Lentil, pink or red, dried",27.7
"Flageolet bean, green, dried",19.1
"Lentil, green, dried",25.1
"Lentil, blond, dried",26.1
"Apricot, pitted, raw",0.81
"Pineapple, flesh without skin, raw",0.25
"Banana, flesh without skin, raw",1.06
"Black currant, raw",1.4
"Cherry, flesh and skin, pitted, raw",0.81
"Lemon, flesh without skin, without seeds, raw",0.25
"Quince, raw",0.4
"Fig, raw",1.19
"Strawberry, raw",0.63
"Raspberry, raw",1.19
"Passion fruit, flesh without skin, with seeds, raw",2.13
"Pomegranate, flesh without skin, with seeds, raw",1.44
"Red currant, raw",1.56
"Gooseberry, raw",0.88
"Kiwi fruit, flesh without skin, with seeds, raw",0.88
"Lithchi, flesh without skin, pitted, flesh without skin, raw",1.13
"Clementine or Mandarin orange, flesh without skin, without seeds, raw",0.81
"Mango, flesh without skin, pitted, raw",0.63
"Melon, cantaloupe (ex Charentais melon), flesh without skin, without seeds, raw",1.13
"Mirabelle plum, pitted, raw",0.63
"Blueberry, raw",0.87
"Blackberry, raw",1.13
"Orange, flesh without skin, without seeds, raw",0.75
"Papaya, flesh without skin, raw",0.75
"Watermelon, flesh without skin, without seeds, raw",0.69
"Pear, flesh and skin, raw",0.36
"Apple, flesh and skin, raw",0.25
"Grapefruit, flesh without skin, without seeds, raw",0.84
"Greengage plum, pitted, raw",0.94
"Peach, flesh and skin, pitted, raw",0.91
"Grape, white, raw",0.75
"Grape, red, raw",0.57
"Rhubarb, stalk, raw",0.73
"Carambola, flesh and skin, raw",1.04
"Acerola, flesh and skin, pitted, raw",0.4
"Cherimoya, flesh without skin, raw",1.57
"Feijoa, flesh without skin, raw",0.71
"Prickly pear, flesh and skin, with seeds, raw",0.12
"Persimmon, flesh and skin, raw",0.88
"Lime, flesh without skin, without seeds, raw",1.13
"Black mulberry, raw",1.44
"Rambutan, flesh without skin, pitted, raw",0.65
"Tamarind, mature fruit, flesh without skin, with seeds, raw",2.8
"Guava, flesh without skin, raw",2.55
"Apple, Canada, flesh without skin, raw",0.4
"Apple, var. Golden, flesh without skin, raw",0.25
"Plum, flesh and skin, pitted, raw",0.7
"Grape, Chasselas, raw",0.75
"Morello cherry, raw",1.0
"Cranberry, raw",0.88
"Apple, var. Granny Smith, flesh without skin, raw",0.25
"Apple, var. Granny Smith, flesh and skin,, raw",0.25
"Lemon zest, raw",1.5
"Elderberry, berries, raw",0.66
"Blueberry, frozen, raw",0.42
"Fruit salad, raw",0.61
"Raspberry, frozen, raw",1.0
"Nectarine, yellow, flesh and skin, pitted, raw",0.69
"Nectarine, white, flesh and skin, pitted, raw",0.81
"Blackberry, frozen, raw",1.18
"Grapefruit, yellow, flesh without skin, without seeds, raw",0.69
"Grapefruit, red or pink, flesh without skin, without seeds, raw",0.77
"Pear, var. Conférence, flesh without skin, raw",0.25
"Pear, var. Williams, flesh without skin, raw",0.25
"Apple, var. Chanteclerc, flesh without skin, raw",0.25
"Apple, var. Gala, flesh without skin, raw",0.25
"Apple, var. Pink lady, flesh without skin, raw",0.25
"Peach, white-flesh variety, flesh and skin, pitted, raw",0.69
"Peach, white-flesh variety, flesh without skin, pitted, raw",0.63
"Peach, yellow-flesh variety, flesh without skin, pitted, raw",0.69
"Grape, raw (average)",0.7
"Apple, flesh without skin, raw (average)",0.26
"Pear, flesh without skin, raw (average)",0.25
"Peach, flesh without skin, pitted, raw (average)",0.67
"Nectarine, flesh and skin, pitted, raw (average)",0.74
"Jackfruit, flesh without skin, raw",1.72
"Desert date, flesh and skin, pitted, raw",1.5
"Durian, flesh without skin, pitted, raw",1.47
"Persimmon, from bush, fruit, raw",0.58
"Kumquat, flesh and skin, without seeds, raw",1.88
"Longan, flesh without skin, pitted, raw",1.31
"Loquat, flesh and skin, pitted, raw",0.43
"Black plum, pitted, raw",0.8
"Pummelo, flesh without skin, without seeds, raw",0.76
"Apple, var. Golden, flesh and skin,, raw",0.25
"Grape, red, Muscat, raw",0.69
"Melon, honeydew, flesh without skin, without seeds, raw",0.54
"Red berries (raspberries, strawberries, red currants, black currants), raw",1.0
"Fruit, raw (average)",0.69
"Apple compote, prepacked",0.25
"Prune, pitted, cooked",1.23
"Fruit compote, miscellaneous fruits, reduced sugar, prepacked, refrigerated",0.17
"Apple compote, reduced sugar, prepacked, room temperature",0.25
"Fruits dessert, all types (sugar content is less than fruits compote but more than fruits compote reduced sugar), prepacked, room temperature",0.33
"Stewed fruits, no added sugars, pulp or mixed fruits), prepacked, room temperature",0.25
"Stewed fruits, sweetened (pulp or mixed fruits, with sugar(s), but always with other ingredient), prepacked, room temperature",0.28
"Stewed fruits, no added sugars (pulp or mixed fruits, but always with other ingredient), prepacked, room temperature",0.32
"Apple, flesh without skin, roasted/baked",0.16
"Apples, raw, without skin, cooked, boiled/cooked in water",0.26
"Fruit compote and similar, any fruit, sugar content unknown (average)",0.26
"Stewed fruits, apple, no added sugars, (pulp or mixed fruits), room temperature",1.13
"Fruit compote, miscellaneous fruits other than apple only, reduced sugar, prepacked, room temperature",0.25
"Rhubarb, stalk, cooked",0.94
"Peach compote, prepacked",0.63
"Apricot compote, prepacked",0.72
"Rhubarb compote, prepacked",0.57
"Fruits dessert, all types (sugar content is less than fruits compote but more than fruits compote reduced sugar), prepacked, refrigerated",0.35
"Stewed fruits, sweetened (pulp or mixed fruits, with sugar(s), but always with other ingredient), prepacked, refrigerated",0.36
"Stewed fruits, no added sugars (pulp or mixed fruits, but always with other ingredient), prepacked, refrigerated",0.38
"Stewed fruits, no added sugars (pulp or mixed fruits,), prepacked, refrigerated",0.43
"Other fruit compote, prepacked",0.25
"Apple compote, sugar content and temperature unknown, prepacked (average)",0.25
"Fruits dessert, all types (sugar content is less than fruits compote but more than fruits compote reduced sugar), prepacked (average)",0.34
"Stewed fruits, no added sugars (pulp or mixed fruits,), prepacked (average)",0.25
"Stewed fruits, sugar content unknown (pulp or mixed fruits, w or without sugar, but always with other ingredient), prepacked (average)",0.28
"Apricot, canned in syrup (sugar content unknown), drained (average)",0.59
"Fruit cocktail or salad, canned in syrup (sugar content unknown), drained (average)",0.25
"Fruit cocktail or salad, canned in syrup, drained",0.25
"Fruit cocktail or salad, canned in syrup, solids and liquids",0.25
"Fruit cocktail or salad, canned in light syrup, drained",0.25
"Fruit cocktail or salad, canned in light syrup, solids and liquids",0.25
"Apricot, canned in light syrup, drained",0.94
"Apricot, canned in light syrup, solids and liquids",0.81
"Apricot, in syrup, canned, drained",0.5
"Apricot, in syrup, canned, solids and liquids",0.29
"Pineapple, in pineapple juice, canned, drained",0.25
"Pineapple, in pineapple juice, canned, solids and liquids",0.25
"Pineapple, in light syrup, canned, drained",0.25
"Pineapple, in light syrup, canned, solids and liquids",0.25
"Litchi, flesh without skin, pitted, in light syrup, canned, drained",0.63
"Peach, pitted, canned in light syrup, drained",0.5
"Peach, pitted, canned in light syrup, solids and liquids",0.31
"Pear, canned in light syrup, drained",0.25
"Pear, canned in light syrup, solids and liquids",0.3
"Apricot, pitted, dried",2.88
"Date, flesh and skin, pitted, dried",1.81
"Fig, dried",2.9
"Prune, pitted",1.63
Raisin,3.0
"Tropical fruit mix, sweetened, for snack, dried",2.19
"Banana, flesh without skin, dried",3.89
"Apple, dried",0.93
"Peach, flesh and skin, pitted, dried",5.0
"Cranberry, dried, with sugar(s)",0.25
"Goji berry, dried",12.1
"Apricot, pitted, dried, rehydrated to 35-45% water",2.31
"Fruit, dried (average)",2.13
"Mammee, flesh and skin, pitted, canned in syrup, solids and liquids, sampled in the island of La Martinique",0.28
"Mammee, flesh and skin, pitted, raw, sampled in the island of La Martinique",0.48
"Pineapple, flesh without skin, raw, sampled in the island of La Martinique",0.56
"Star apple or milk truit, flesh without skin, raw, sampled in the island of La Martinique",0.31
"Acerola, flesh and skin, pitted, raw, sampled in the island of La Martinique",0.56
"Shaddock, flesh without skin, without seeds, raw, sampled in the island of La Martinique",0.48
"Mammee, crisps, sampled in the island of La Martinique",0.96
"Guava, flesh without skin, mashed, sampled in the island of La Martinique",0.83
"Star fruit juice, filtered, sampled in the island of La Martinique",
"Star fruit juice, not filtered, sampled in the island of La Martinique",0.063
"Punch lemon juice (small grade), pure juice, sampled in the island of La Martinique",0.48
"Green lemon juice (big grade), pure juice, sampled in the island of La Martinique",0.69
"Soursop juice, sampled in the island of La Martinique",0.65
"Passion fruit juice, pure juice, sampled in the island of La Martinique",1.08
"Pomegranate, juice, sampled in the island of La Martinique",0.69
"Lime juice, pure juice, sampled in the island of La Martinique",0.35
"Common mandarin juice, pure juice, filtered, pasteurized, sampled in the island of La Martinique",
"Common mandarin juice, pure juice, filtered, sampled in the island of La Martinique",0.61
"Macaque mandarin, pure juice, filtered, sampled in the island of La Martinique",0.6
"Moubin, pure juice, sampled in the island of La Martinique",0.88
"Grapefruit (local variety), pure juice, sampled in the island of La Martinique",0.42
"Prune de cythère or pomme cythere or golden apple (local variety), giant, mature, pure juice, filtered, sampled in the island of La Martinique",0.29
"Prune de cythère or pomme cythere or golden apple (local variety), giant, green or immature, pure juice, filtered, from La Martinique",0.44
"Prune de cythère or pomme cythere or golden apple (hybrid variety), dwarf, mature, pure juice, filtered, from La Martinique",0.69
"Prune de cythère or pomme cythere or golden apple (hybrid variety), dwarf, green or immature, pure juice, filtered, from La Martinique",0.67
"Common mandarin, flesh without skin, without seeds, canned in syrup, solids and liquids, sampled in the island of La Martinique",
"Mango bassignac, flesh without skin, raw, sampled in the island of La Martinique",0.32
"Mango moussache, flesh without skin, pitted, raw, sampled in the island of La Martinique",1.28
"Mangue julie, flesh without skin, pitted, raw, sampled in the island of La Martinique",0.71
"Green mango, flesh without skin, pitted, raw, sampled in the island of La Martinique",1.31
"Melon, flesh without skin, without seeds, raw, sampled in the island of La Martinique",1.08
"Orange (local variety), flesh without skin, without seeds, raw, sampled in the island of La Martinique",0.6
"Bitter orange, flesh without skin, without seeds, raw, sampled in the island of La Martinique",0.73
"Watermelon, flesh without skin, without seeds, raw, sampled in the island of La Martinique",0.77
"Cashew apple,flesh and skin,, raw, sampled in the island of La Martinique",0.79
"Sugar apple, flesh without skin, without seeds, raw, sampled in the island of La Martinique",1.48
"Pomme d'eau or malaca apple, flesh without skin, pitted, raw, sampled in the island of La Martinique",0.44
"Pomme liane, flesh without skin, with seeds, raw, sampled in the island of La Martinique",0.88
"Prune de cythère, or pomme cythere or golden apple, mature, flesh and skin, with seeeds, raw, sampled in the island of La Martinique",0.54
"Prune de cythère or pomme cythere or golden apple, green or immature, flesh and skin, with seeeds, raw, sampled in the island of La Martinique",0.6
"Jacques, pulp, flesh without skin, raw, sampled in the island of La Martinique",1.98
"Mango José, flesh without skin, pitted, raw, sampled in the island La Réunion (Mangifera indica L.)",0.75
"Queen Vicoria ananas, flesh, raw, sampled in the island La Réunion",0.94
"Colombo Papaya (fruit), mature,flesh without skin, without seeds, raw, sampled in the island La Réunion (Carica papaya L.)",0.56
"Almond, with peel, no added salt",18.8
"Peanut, no added salt",22.8
"Peanut, grilled, salted",22.9
"Hazelnut, no added salt",14.4
"Walnut, kernel, dried",13.3
"Coconut, pulp, fresh",3.47
"Coconut, pulp, dried",6.83
"Brazil nut, no added salt",14.3
"Pistachio nut, grilled, salted",18.9
Sesame seed,17.7
"Sunflower, seed",21.3
"Coconut, immature kernel, fresh",3.33
"Chestnut puree, canned",2.28
Mix of salted nuts and dried fruit,16.9
Mix of salted nuts and raisins,16.6
"Cashew nut, grilled, salted",15.2
"Chestnut, boiled/cooked in water",2.0
"Chestnut, grilled",3.34
"Chestnut, raw",2.02
Pine nut,13.7
"Pecan nut, no added salt",9.17
"Macadamia nut, no added salt",7.91
"Alfalfa, seeds",29.7
"Hazelnut, grilled, no added salt",14.4
"Flaxseed, seed",19.0
"Sesame seed, husked",20.4
"Peanut, dry-grilled, salted",21.6
"Sesame seed, grilled, husked",17.0
"Chestnut, canned",1.96
"Almond, peeled, no added salt",21.4
"Almond, grilled, salted",20.0
"Macadamia nut, grilled, salted",7.04
"Pistachio nut, grilled, no added salt",18.4
"Sunflower seed, grilled, salted",21.2
"Pecan nut, salted",10.2
"Chia, seed, dried",16.5
"Mix of nuts and dried fruit, no added salt",8.29
"Mix of nuts and raisins, no added salt",12.5
"Hazelnut, grilled, salted",13.4
"Flaxseed, brown, seed",18.0
"Peanut, grilled, no added salt",23.5
"Cashew nut, grilled, no added salt",17.4
"Cashew nut, dry-grilled, no added salt",17.4
"Peanut, grilled, flavoured",22.8
"Mix of nuts, grilled, salted",18.6
"Almond, grilled, salted, smoked",18.6
"Hemp, seed, hulled",30.8
"Pumpkin and squash, seed, dried",29.5
"Seeds and peanuts, dried, salted (average)",20.4
"Seeds and peanuts, dried, unsalted (average)",15.5
Peanut butter or peanut paste,22.2
Tahini (sesame paste),17.7
"Soybean, seed, whole",36.5
"Durum wheat pre-cooked, whole grain, cooked, no added salt",5.36
"Rice, wholegrain, cooked, no added salt",3.87
"Rice, white, cooked, no added salt",3.15
"Rice, white, parboiled, cooked, no added salt",2.95
"Rice, white, pre-cooked or instant, cooked, no added salt",
"Rice, red, cooked, no added salt",3.45
"Rice, wild, cooked, no added salt",3.8
"Rice, semi-wholegrain, cooked, no added salt",3.63
"Rice, Thai, cooked, no added salt",2.38
"Rice, basmati, cooked, no added salt",3.03
"Oat flakes, boiled/cooked in water",2.54
"Pearled barley, boiled/cooked in water, no added salt",2.26
"Millet, cooked, no added salt",3.51
"Quinoa, boiled/cooked in water, no added salt",4.66
"Polenta or maize/corn semolina, cooked, no added salt",1.38
"Couscous grain, cooked, no added salt",5.81
"Couscous grain, wholewheat, cooked, no added salt",4.28
"Couscous grain, semi-wholewheat, cooked, no added salt",5.59
"Wheat bulgur, cooked, no added salt",4.31
"Pasta, dry, regular, cooked, no added salt",6.1
"Pasta, fresh, with egg, cooked, no added salt",5.76
"Pasta, dry, with egg, cooked, no added salt",4.57
"Pasta, dry, gluten-free, cooked, no added salt",3.09
"Pasta, dry, wholewheat, cooked, no added salt",7.35
"Pasta, dry, gluten-free (from rice and corn), cooked, no added salt",3.15
"Pasta, dry, gluten-free (from red lentils), cooked, no added salt",11.7
"Pasta, dry, semi-wholewheat, cooked, no added salt",5.71
"Rice vermicelli, dry, cooked, no added salt",1.43
"Soy vermicelli, dry, cooked, no added salt",0.29
"Gnocchi, from potato, cooked",5.01
"Frik (crushed immature durum wheat), cooked, no added salt",2.04
"Spelt, raw",14.6
"Khorasan wheat, raw",14.5
"Durum wheat, wholewheat, raw",13.7
"Wheat, wholewheat, pre-cooked, raw",13.7
"Rice, white, raw",7.02
"Rice, white, parboiled, raw",7.33
"Rice, wholegrain, raw",7.02
"Rice, wild, raw",11.1
"Rice, red, raw",7.97
"Rice, basmati, raw",7.08
"Rice, mix of species (white, wholegrain, wild, red, etc.), raw",7.14
"Oat, raw",16.9
"Barley, wholegrain, raw",12.5
"Pearled barley, raw",9.91
"Millet, wholegrain, raw",11.0
"Quinoa, raw",13.2
"Amaranth, raw",13.5
"Sorghum, wholegrain, raw",10.6
"Buckwheat, wholegrain, raw",13.3
"Rye, wholegrain, raw",10.3
"Durum wheat semolina, raw",11.8
"Mix of cereals and pulses, raw",13.7
"Polenta or maize/corn semolina, pre-cooked, raw",7.88
"Couscous (pre-cooked durum wheat semolina), raw",12.3
"Wheat, bulgur, raw",11.7
"Pasta, dry, regular, raw",12.0
"Pasta, fresh, with egg, raw",10.1
"Pasta, dry, with egg, raw",14.0
"Asian noodles, dry, with wheat and egg, plain, raw",11.9
"Pasta, dry, wholewheat, raw",11.8
"Pasta, dry, gluten-free, raw",6.06
"Rice vermicelli, dry, raw",7.44
"Soy vermicelli, dry, raw",0.29
"Gnocchi, from potato, raw",4.66
"Gnocchi, from semolina, raw",6.2
"Frik (crushed immature durum wheat), raw",9.62
"Gari, cassava flour, dried, fermented",1.12
Bread (average),8.18
"Bread, French bread, baguette",8.27
"Bread, French bread, with yeast",7.41
"Bread, tradtion French bread",8.15
"Bread, French bread, pre-cooked, to be recooked, prepacked",7.13
"Brown French bread, with flour type 80 or 110",8.6
"Bread, French bread, gluten free, pre-cooked, to be recooked, prepacked",2.88
"Country-style bread, French bread, multigrain and/or seeds, prepacked",8.27
"Bread, French bread, prepacked",6.68
"French bread, country-style",7.52
"Rye bread, whole grain, prepacked",5.7
"Bread, with seeds, gluten free, prepacked",4.74
"Sandwich loaf, wholemeal, crust less, prepacked",7.07
"Bread, French bread, wholemeal or integral bread (made with flour type 150)",8.66
"Sandwich loaf, wholemeal, prepacked",7.3
"Sandwich loaf, multigrain and/or with seeds, prepacked",8.84
"Bread, unleavened, prepacked",10.7
"Bread, bran grain",8.3
"Sandwich loaf, gluten free, prepacked",3.36
"Sandwich loaf, no added sugars, prepacked",7.01
Rye and wheat bread,8.27
"Bread, French bread, gluten free, prepacked",4.58
"Bread, French bread, no added salt",8.7
"Bread, panini",7.48
"Bread, pita",7.48
"Sandwich loaf, prepacked",7.06
"Sandwich loaf, crustless, prepacked",6.93
"Brioche sandwich bread, prepacked",7.78
"Bread, multigrain and/or with seeds",9.58
"English muffin, whole wheat flour, prepacked",10.9
"English muffin, prepacked",9.06
"Bread, bagel",9.83
"Rolls for burger/hotdog (buns), prepacked",8.21
"Bread, French bread, home-made, with flour for home-made bread preparation",7.81
"Bread, French bread, home-made (with flour for bread making machine)",7.98
"Rolls for burger/hotdog (buns), wholemeal, prepacked",8.56
"Bretzel, fresh bread",9.18
"Maize/corn tortilla wrap, to be filled",6.08
"Wheat tortilla wrap, to be filled",8.01
Blinis,5.94
"Bread, French bread, toasted",9.46
Rusk,10.0
Brioche rusk,8.61
"Rusk, wheat germ",10.1
"Rusk, no added salt",10.6
"Rusk, multigrain",11.5
"Rusk, wholemeal",11.3
"Wheat cracker, with seeds",14.3
"Wheat cracker, with cheese and seeds",17.9
"Wheat cracker, wholemeal",12.6
Wheat crackers,10.4
"Puffed rice textured bread, whole grain",8.39
Puffed cereals textured bread,10.1
Puffed corn/maize textured bread,7.02
"Puffed cereals textured bread, with seeds",8.53
"Crispbread, with bran, source or rich in fibre",9.29
"Brioche rusk with raisins, sliced, prepacked",10.7
"Rusk, slice, wheat, prepacked",9.75
"Rusk, slice, wholewheat, prepacked",10.3
"Brioche rusk, sliced, prepacked",10.2
"Swedish toast, wheat",8.66
"Swedish toast, with grains and seeds",10.4
"Crispbread, extruded and grilled, plain",9.01
"Crispbread, extruded and grilled, source or rich in fibre",9.86
"Swedish toast, wholemeal, no added sugars",10.8
"Swedish toast, whole wheat",9.69
"Swedish toast, with fruits",8.85
Swedish toast with eggs,9.43
"Rusk , slice, multigrain, prepacked",12.8
"Croutons, for spreads, prepacked",12.3
"Croutons, plain, prepacked",9.21
Breadcrumbs,9.41
"Grissini or bread stick, plain (without sesame)",11.4
"Crouton with garlic, herbs or onions, prepacked",8.87
"Crouton with cheese, prepacked",8.24
"Pop-corn or popped maize, with oil, salted",8.3
"Pop-corn or air-popped maize, without oil, unsalted",11.0
"Pop-corn or popped maize, with caramel",6.53
Prawn crackers,3.1
"Maiz/corn chips or tortilla chips, flavoured",6.53
"Puffed salty snacks, potato flavour",4.59
"Salty snacks, crackers, mini pretzels or sticks",11.2
"Salty snack, filled, prepacked",9.75
"Salty snacks, crackers (average)",10.2
"Salty snacks, crackers, made from wheat, with cheese",14.8
"Salty snacks, crackers, made from wheat, plain or flavoured",10.4
"Salty snacks, crackers, made from wheat, plain, reduced fat",6.53
"Puffed salty snacks, peanut flavour",13.3
"Salty snacks, crackers, made from potato",4.63
Peanuts coated with savoury biscuit (with salt or flavoured),15.8
"Salty snacks, crackers, puff pastry, without cheese",10.9
"Salted crispy crepe, filled, prepacked",9.3
"Salty snacks, crackers, puff pastry, with cheese",13.1
"Salty snacks, crackers, made from wheat, various types",8.88
"Salty snacks, crackers, mini waffle, filled",10.4
"Grissini or bread stick, with sesame",12.8
"Grissini or bread stick, with sesame, reduced fat",14.0
"Salty snacks, crackers made from rice and coated peanuts, japanese style",10.8
"Maize/corn chips or tortilla chips, plain",6.1
"Puffed salty snacks, bacon flavour",6.5
"Puffed salty snacks, plain",7.17
"Puffed salty snacks, cheese flavour",7.29
Puffed salty snacks (average),10.5
Potato starch,0.0
"Wheat flour, type 110",9.61
"Wheat flour, type 150",11.4
"Wheat flour, type 65",10.0
"Wheat flour, type 55 (for bread)",9.03
"Wheat flour, self-raising",9.12
"Wheat flour, type 45 (for pastry)",8.44
"Wheat flour, type 80",9.95
Spelt flour,11.4
Maize/corn starch,0.26
Rice flour,7.62
"Rye flour, type 170",15.9
"Rye flour, type 85",9.82
"Rye flour, type 130",7.24
Buckwheat flour,11.5
Maize/corn flour,5.59
Barley flour,10.5
Millet flour,10.2
Chestnut flour,5.69
Chick pea flour,22.4
"Soya flour, wholegrain",34.5
Rice starch,0.6
"Short crust pastry, prepacked, cooked (average)",7.47
"Thin-crust pizza dough, prepacked, raw",7.57
"Short crust pastry, with vegetal fat, prepacked, raw",5.17
"Short crust pastry, with vegetal fat, prepacked, cooked",7.47
"Short crust pastry, pure butter, prepacked, raw",5.93
"Short crust pastry, pure butter, frozen, prepacked, raw",5.65
"Short crust pastryt, pure butter, prepacked, cooked",7.58
"Puff pastry, with vegetal fat, prepacked, raw",5.75
"Puff pastry, pure butter, prepacked, raw",5.47
"Puff pastry, pure butter, frozen, prepacked, raw",4.99
"Puff pastry, pure butter, prepacked, cooked",5.73
"Khatfa (phyllo or filo pastry sheets), prepacked, dry cooked, without fat",6.16
"Shortbread dough, prepacked, raw",5.31
"Shortbread dough, prepacked, cooked",5.7
"Shortbread dough, pure butter, prepacked, raw",5.95
"Phyllo or filo dough, raw",7.1
"Shortbread dough, pure butter, frozen, prepacked, raw",4.9
"Shortbread dough, pure butter, prepacked, cooked",6.2
"Pizza dough, prepacked, raw",7.05
"Khatfa (phyllo or filo pastry sheets), prepacked",7.0
"Pizza dough, prepacked, cooked",7.75
"Meat, white, cooked (average)",28.0
"Red meat, cooked (average)",26.3
"Meat, cooked (average)",27.2
"Poultry, meat, cooked (average)",27.8
"Poultry, cooked (average)",27.3
"Beef, rib steak, lean, grilled/pan-fried",25.5
"Beef, braised",32.1
"Beef, round, cooked",21.0
"Beef, sirloin steak, roasted/baked",28.8
"Beef, sirloin steak, grilled/pan-fried",27.1
"Beef, short ribs, braised or boiled",37.3
"Beef, thin flank, grilled/pan-fried",21.6
"Beef, cheek, braised or boiled",39.2
"Beef, knuckle, boiled/cooked in water",31.0
"Beef, topside, grilled/pan-fried",28.7
"Beef, topside, roasted/baked",29.8
"Beef, steak or beef steak, grilled/pan-fried",27.6
"Beef, hanger steak, grilled/pan-fried",23.0
"Beef, rump steak, grilled/pan-fried",29.0
"Beef, bolar-blade, grilled/pan-fried",26.7
"Beef, roast beef, roasted/baked",24.1
"Beef, flank steak, grilled/pan-fried",25.0
"Beef, bolar-blade, roasted/baked",27.3
"Beef, stewing meat, cooked",34.0
"Beef, neck, braised",33.0
"Beef, minced steak, 5% fat, cooked",25.5
"Beef, minced steak, 10% fat, cooked",26.1
"Beef, minced steak, 15% fat, cooked",23.6
"Beef, minced steak, 20% fat, cooked",23.0
"Beef, ground, cooked (average)",23.8
"Beef, chuck, braised or boiled",36.8
"Beef, oxtail, boiled/cooked in water",28.0
"Veal, chop, grilled/pan-fried",25.1
"Veal, loin, grilled/pan-fried",28.0
"Veal, escalope, cooked",31.0
"Veal, tenderloin, grilled/pan-fried",29.1
"Veal, tenderloin, roasted/baked",29.1
"Veal fillet, roasted/baked",24.8
"Veal, roast, cooked",28.1
"Veal, shoulder, grilled/pan-fried",27.6
"Veal, shoulder, braised or boiled",36.4
"Veal, meat, cooked (average)",29.1
"Veal, knuckle or shank, braised or boiled",37.4
"Calf, head, boiled/cooked in water",21.0
"Veal, neck, braised or boiled",34.9
"Pork, shoulder, cooked",30.0
"Pork, chop, grilled/pan-fried",29.6
"Pork, round steak, cooked",36.9
"Pork, rack, cooked",34.1
"Pork, tenderloin roast, cooked",28.3
"Pork, filet mignon, cooked",26.1
"Pork, meat, cooked (average)",29.4
"Pork, roast, cooked",30.5
"Pork, spare-ribs, braised",23.1
"Pork, loin, roasted/baked",26.2
"Pork, ham escalope, cooked",36.0
"Chicken, leg, meat and skin, roasted/baked",25.9
"Chicken, meat and skin, roasted/baked",28.9
"Chicken leg, meat, roasted/baked",24.8
"Chicken, breast, without skin, grilled/pan-fried",30.1
"Chicken leg, meat, boiled/cooked in water",24.8
"Chicken, leg, meat and skin, boiled/cooked in water",26.1
"Chicken, breast, meat and skin, roasted/baked",29.8
"Chicken, wing, meat and skin, roasted/baked",23.8
"Chicken, breast, without skin, grilled/pan-fried, organic",31.1
"Turkey, meat, roasted/baked",29.1
"Turkey, escalope, grilled/pan-fried",28.5
"Turkey, escalope, roasted/baked",30.1
"Mutton, leg, roasted/baked",
"Lamb cutlet, grilled/pan-fried",25.7
"Lamb, leg, roasted/baked",26.8
"Lamb, shoulder, roasted/baked",30.5
"Lamb, shoulder, lean, roasted/baked",24.9
"Lamb, neck, braised or boiled",33.6
"Lamb, chop fillet, grilled/pan-fried",26.3
"Lamb, rib chop, grilled/pan-fried",26.1
"Lamb, saddle, lean, roasted/baked",26.1
"Lamb, leg, grilled/pan-fried",27.6
"Lamb, leg, braised",35.2
"Lamb, saddle, lean, grilled/pan-fried",26.1
"Lamb, chop, cooked (average)",26.3
"Lamb, meat, cooked (average)",28.5
"Lamb, chop, grilled/pan-fried (average)",26.3
"Venison, roebuck, roasted/baked",32.6
"Wild boar, roasted/baked",28.3
"Venison, hart, roasted/baked",30.2
"Game, cooked (average)",30.2
"Pheasant, meat, roasted/baked",32.4
"Feathered game, meat, cooked (average)",24.9
"Horse, meat, roasted/baked",28.0
"Horse, topside, grilled/pan-fried",27.9
"Horse, sirloin steak, grilled/pan-fried",26.6
"Horse, rib steak, grilled/pan-fried",28.2
"Horse, sirloin steak, roasted/baked",28.3
"Horse, topside, roasted/baked",29.7
"Kid meat, cooked",27.1
"Rabbit, meat, braised",30.4
"Rabbit, meat, cooked",20.5
"Rabbit, wild, meat, cooked",33.0
"Capon, meat and skin, roasted/baked",29.0
"Quail, meat and skin, cooked",26.8
"Duck, meat and skin, roasted/baked",19.0
"Duck, meat, roasted/baked",23.3
"Duck, magret, grilled/pan-fried",26.7
"Goose, meat, roasted/baked",29.0
"Goose, meat and skin, roasted/baked",25.2
"Pigeon, meat, roasted/baked",23.9
"Ostrich, meat, cooked",26.2
"Brain, lamb, cooked",12.6
"Brain, pork, braised",12.4
"Brain, calf, cooked",11.5
"Heart, beef, cooked",23.0
"Heart, chicken, cooked",26.4
"Heart, turkey, cooked",24.9
"Heart, lamb, cooked",25.0
"Liver, lamb, cooked",23.0
"Liver, heifer, cooked",26.3
"Liver, calf, cooked",19.0
"Liver, poultry, cooked",25.8
"Liver, pork, cooked",26.0
"Liver, chicken, cooked",24.5
"Liver, turkey, cooked",27.0
"Tongue, calf, cooked",21.0
"Tongue, beef, cooked",23.7
"Sweetbread, lamb, cooked",22.8
"Sweetbread, calf, braised or grilled/pan-fried",21.0
"Kidney, cooked (average)",26.3
"Kidney, beef, cooked",27.0
"Kidney, pork, cooked",25.4
"Kidney, lamb, braised",23.7
"Kidney, veal, braised or grilled/pan-fried",26.0
"Offal, cooked (average)",27.4
"Preserved gizzards, duck, canned",32.4
"Beef, rib, raw",18.7
"Beef, shoulder, raw",21.4
"Beef, chuck steak, raw",19.0
"Beef, round, raw",20.7
"Beef, rib steak, raw",19.4
"Beef, eye of round, raw",22.9
"Beef, sirloin steak, raw",22.3
"Beef, tenderloin, raw",21.6
"Beef, short ribs, raw",18.4
"Beef, thin flank, raw",19.0
"Beef, cheek, raw",22.3
"Beef, knuckle, raw",
"Beef, topside, raw",23.1
"Beef, steak or beef steak, raw",18.7
"Beef, bolar-blade, raw",21.8
"Beef, hanger steak, raw",19.9
"Beef, rump steak, raw",23.5
"Beef, flank steak, raw",20.4
"Beef, stewing meat, raw",24.0
"Beef, neck, raw",20.1
"Beef, minced steak, 5% fat, raw",21.9
"Beef, minced steak, 10% fat, raw",20.0
"Beef, minced steak, 15% fat, raw",20.2
"Beef, minced steak, 20% fat, raw",17.2
"Beef, chuck, raw",21.2
"Beef, oxtail, raw",21.5
"Veal, chop, raw",18.3
"Veal, loin, raw",19.3
"Veal, escalope, raw",20.5
"Veal, tenderloin, raw",21.8
"Veal fillet, raw",20.6
"Veal, minced steak, 20% fat, raw",16.7
"Veal, minced steak, 15% fat, raw",18.2
"Veal, breast, raw",17.5
"Veal, roast, raw",27.3
"Veal, shoulder, raw",20.7
"Veal, foot, raw",19.1
"Veal, knuckle or shank, raw",21.3
"Veal, neck, raw",19.8
"Pork, shoulder, raw",18.9
"Pork, belly, raw",17.0
"Pork shoulder, raw",24.8
"Pork, chop, raw",19.8
"Pork, round steak, raw",20.2
"Pork, rack, raw",22.7
"Pork, filet mignon, raw",21.2
"Pork, roast, raw",22.3
"Pork, loin, raw",17.1
"Pork, spare-ribs, raw",18.0
"Pork, ham escalope, raw",21.5
"Pork, back fat, rind less, raw",4.51
"Pork, jowl, rind less, raw",11.6
"Pork, shoulder lower half, without rind, fat and bone, raw",18.9
"Pork, way leg, without rind, fat and bone, raw",20.9
"Pork, knuckle oh ham, without rind, fat and bone, raw",20.2
"Pork, 90/10 trimming, raw",18.8
"Pork, 80/20 trimming, raw",17.3
"Pork, shoulder upper half, without rind, fat and bone, raw",19.9
"Pork, belly, flank removed, raw",15.9
"Pork, eye of shortloin, raw",22.3
"Hen, meat and skin, raw",17.6
"Hen, meat, raw",21.3
"Chicken, leg, meat and skin, raw",17.3
"Chicken, meat, raw",20.9
"Chicken, white race, meat and skin, raw",20.8
"Chicken, free-range, meat and skin, raw",22.0
"Hen, leg, raw",19.6
"Chicken, meat and skin, raw",21.5
"Chicken, breast, without skin, raw",23.4
"Chicken high leg, meat, raw",19.7
"Chicken, eviscerated without offal, raw",18.6
"Chicken, drumstick, raw",18.1
"Chicken, wing, meat and skin, raw",20.4
"Chicken, leg, meat, raw",19.3
"Chicken, breast, meat and skin, raw",20.9
"Chicken, leg, meat and skin, raw, organic",18.1
"Chicken, leg, meat and skin, raw, label rouge",19.1
"Chicken, breast, without skin, raw, organic",24.6
"Chicken, breast, without skin, raw, label rouge",25.2
"Turkey, meat and skin, raw",21.6
"Turkey, meat, raw",22.6
"Turkey, escalope, raw",23.7
"Turkey, leg, meat and skin, raw",19.7
"Turkey, leg, meat, raw",21.3
"Turkey, wing, raw",20.2
"Turkey, leg, raw",
"Mutton, meat, raw",20.6
"Mutton, shoulder, raw",17.3
"Sheep, foot, raw",18.1
"Sheep, head, raw",18.1
"Mutton, leg, raw",18.0
"Lamb, cutlet, raw",15.4
"Lamb, leg, raw",20.0
"Lamb, shoulder, raw",18.3
"Lamb, shoulder, lean, raw",19.6
"Lamb, neck, raw",18.0
"Lamb, saddle, raw",17.5
"Lamb, chop fillet, raw",17.6
"Lamb, rib chop, raw",16.9
"Lamb, chop, raw (average)",16.6
"Lamb, spare rib, raw",16.3
"Wild boar, raw",21.5
"Hare, meat, raw",21.6
"Venison, roebuck, raw",23.0
"Venison, hart, raw",23.0
"Pheasant, meat, raw",23.2
"Pheasant, meat and skin, raw",23.2
"Horse, meat, raw",20.2
"Horse, steak, raw",21.4
"Horse, topside, raw",22.7
"Horse, sirloin steak, raw",22.2
"Horse, rib steak, raw",22.1
"Kid meat, raw",20.6
"Rabbit, meat, raw",20.4
"Rabbit, wild, meat, raw",21.8
"Capon, meat and skin, raw",19.9
"Quail, meat and skin, raw",19.6
"Quail, meat, raw",21.8
"Duck, meat, raw",18.3
"Duck, leg, meat and skin, raw",18.7
"Duck, meat and skin, raw",17.4
"Duck, breast fillet, raw",17.9
"Goose, meat, raw",22.8
"Goose, meat and skin, raw",15.9
"Pigeon, meat, raw",18.0
"Guinea fowl, meat, raw",22.0
"Guinea fowl, breast, raw",25.1
"Guinea fowl, leg, raw",22.8
"Ostrich, meat, raw",20.2
"Brain, lamb, raw",10.4
"Brain, pork, raw",10.3
"Brain, calf, raw",10.3
"Heart, beef, raw",18.5
"Heart, chicken, raw",15.6
"Heart, turkey, raw",16.7
"Heart, lamb, raw",16.5
"Heart, pork, raw",17.3
"Heart, calf, raw",17.2
"Liver, lamb, raw",21.8
"Liver, heifer, raw",21.0
"Liver, calf, raw",15.5
"Liver, poultry, raw",21.5
"Liver, rabbit, raw",19.0
"Liver, chicken, raw",16.9
"Liver, turkey, raw",18.3
"Liver, pork, raw",20.6
"Liver, goose, raw",16.4
"Liver, duck, raw",18.7
"Tongue, beef, raw",16.8
"Tongue, calf, raw",16.9
"Tongue, pork, raw",16.3
"Tongue, lamb, raw",15.4
"Sweetbread, lamb, raw",14.8
"Sweetbread, calf, raw",17.2
"Kidney, beef, raw",17.1
"Kidney, pork, raw",16.5
"Kidney, lamb, raw",14.7
"Kidney, calf, raw",15.8
"Tripe, beef, raw",12.1
"Blood, beef, raw",19.5
"Gizzard, chicken, raw",16.8
Cured meat and sausages (average),18.6
Pork ham with parsley and jelly,19.0
"Pork ham, to cook / roast / bake",18.8
"Bacon, back",23.1
"Cooked ham, smoked",20.0
"Cooked ham, superior quality",21.0
"Cooked ham, superior quality, with rind",20.4
"Cooked ham, superior quality, rind less",20.5
Braised ham on the bone,21.6
"Cooked ham, superior quality, rind less defatted",20.3
"Cooked ham, superior quality, rind less defatted, low salt",20.8
"Cooked ham, choice",19.5
"Cooked pork shoulder, choice, rind less defatted",18.0
"Cooked ham, choice, with rind",19.4
"Cooked ham, choice, rind less defatted",19.6
"Round of ham, cooked",20.3
"Ham, cube, grated or minced",17.9
"Cooked pork shoulder, standard, rind less defatted",13.7
"Cooked ham, Parisian-style, rind less defatted",20.0
"Ham, from poultry, cube, grated or minced",18.0
"Knuckle of ham, cooked",20.0
"Cooked ham, from chicken, in slices",20.7
"Cooked ham, from turkey, in slices",20.9
"Cooked ham, from poultry, low salt, in slices",21.3
Cured ham,25.9
"Cured ham, smoked",24.2
"Cured ham, smoked, reduced fat",27.7
"Cured ham, from Bayonne, smoked",28.0
Dry-cured ham,28.7
"Dry-cured ham, from Parma",27.2
"Dry-cured ham, Serrano",30.4
Coppa,25.0
Pancetta,20.2
Dry sausage,24.2
"Dry sausage, pure pork",28.7
"Dry sausage, pure pork, superior quality",27.7
Rosette dry sausage,24.2
"Dry sausage, from Lyon, pure pork",12.8
"Dry sausage, thin size",27.3
Dry sausage with walnuts and/or hazelnuts,27.7
"Dry sausage, reduced fat",34.6
"Chipolata sausage, cooked",18.8
"Toulouse sausage, cooked",18.8
"Sausage meat, raw",14.7
"Sausage meat, pure pork, raw",16.9
"Sausage meat, pork and beef, raw",11.8
"Smoked sausage, raw",15.6
Morteaux sausage,16.0
Montbeliard sausage to cook,17.3
"Morteaux sausage, boiled/cooked in water",15.2
"Toulouse sausage, raw",13.3
"Chipolata sausage, raw",15.8
Smoked Alsatian sausage or Landjäger,19.0
"Poultry sausage, delicatessen-style",15.6
"Poultry sausage, knack-style",14.0
Frankfurter sausage,13.7
"Merguez sausage, raw",13.8
"Merguez sausage, raw (average)",12.8
"Merguez sausage, pure beef, raw",11.0
"Merguez sausage, pork and beef, raw",11.5
"Merguez sausage, beef, mutton and pork, raw",14.6
"Merguez sausage, beef and mutton, cooked",19.8
"Merguez sausage, beef and mutton, raw",14.0
Liver sausage,11.7
"Diot (sausage from Savoy), raw",18.0
"Strasbourg sausage, to cook",12.4
"Strasbourg sausage, low salt, to cook",12.0
Cocktail sausage,12.7
"Viennese sausage, pork and veal, raw",10.3
"Ham sausage, pure pork",15.7
Beer sausage,13.0
Tongue sausage with pistachios,15.3
Sausage (average),17.4
Preserved pork liver,15.4
Preserved poultry liver,13.7
Pâté with green pepper,10.1
Ham pâté,14.7
Country-style pâté or terrine,15.5
"Country-style pâté or terrine, low salt",13.8
Breton pâté,11.0
Duck terrine,13.2
Rabbit pâté,14.7
Rabbit terrine,19.0
Game pâté,14.2
Pâté with mushrooms,12.6
"Pork liver pâté, superior quality",13.0
Pork liver pâté,10.8
"Pork liver mousse, superior quality",11.1
Pork liver mousse,12.0
Duck mousse,10.1
Poultry liver pâté,13.7
Goose liver pâté,11.4
Paté (average),14.6
Pâté in crust,9.96
Rillettes of pork,13.0
"Rillettes, pure pork",16.7
"Rillettes of pork, superior quality",15.5
Rillettes from Tours,18.0
Rillettes from Mans,15.6
"Rillettes, pure goose",14.7
Rillettes of duck,15.3
Rillettes of goose,14.9
Rillettes of poultry,16.4
"Veal quenelle, with sauce, canned",3.52
"Poultry quenelle, raw",9.37
"Poultry quenelle, with sauce, canned",3.55
"Fish quenelle, with sauce, canned",3.79
"Fish quenelle, raw",8.1
"Quenelle, plain, raw",6.88
"Duck confit (conserved in rendered fat), meat (leg) without skin, canned, reheated",32.0
"Duck confit (conserved in rendered fat), canned",25.7
"Duck breast fillet, smoked",18.0
"Foie gras, duck, whole, cooked",8.41
"Foie gras block, duck, without pieces",5.75
"Foie gras block, duck, 30% pieces",6.88
"Foie gras block, duck, 50% pieces",6.39
"Foie gras, duck, raw",5.94
"Foie gras, duck, block (average)",6.88
Galantine,22.0
Rolled escalope of pork with pistachio,15.3
"Egg in aspic, with ham",11.5
"Ham, in a pastry crust",14.4
Head-cheese pâté or brawn,13.8
Ox muzzle,26.2
Chitterling sausage,18.4
Chitterling sausage from Guéméné,18.0
"Chitterling sausage, reheated in a frying pan",22.5
Chitterling sausage from Vire,19.0
"Chitterling sausage, to cook",18.8
"Chitterling sausage, grilled/pan-fried",24.5
"Chitterling sausage from Troyes, to cook",19.7
"Black pudding, to cook",12.2
"Black pudding, grilled/pan-fried",11.9
"Black or white pudding (blood sausage), grilled/pan-fried (average)",11.3
"Caribbean blood sausage, to cook",11.5
"White pudding, grilled/pan-fried",9.89
"White pudding, to cook",10.0
"White pudding, truffled, to cook",10.6
"Lardoons, plain, raw",16.6
"Pork belly, cured, smoked, raw",15.6
Bresaola,32.8
"Lardoons, plain, cooked",23.8
"Corned-beef, canned",23.2
"Pork belly, cured, plain, raw",15.7
"Pig's ear, brined",22.5
"Pig's trotter, brined",11.6
"Pork belly, brined",16.8
"Lardoons, smoked, raw",16.7
"Lardoons, plain, low salt, raw",17.9
"Lardoons, smoked, cooked",14.7
Viande des Grisons or dried beef meat,38.9
"Poultry, minced meat",17.7
"Poultry roast, brined, cooked",22.0
"Dry sausage, with pepper",23.5
Spicy pork sausage with red pepper,23.5
"Spicy pork sausage with red pepper, dry",20.9
"Spicy pork sausage with red pepper, in slices",22.6
Salami,17.7
"Salami, pure pork",17.0
"Salami, Danish-style",14.5
Garlic sausage,15.0
"Sausage, pure pork, cooked",13.8
"Sausage in a brioche crust, cooked",14.7
Saveloy or cervelat,11.9
"Saveloy or cervelat, from Obernai Alsace",13.0
"Saveloy or cervelat with garlic, pure pork",12.5
Mortadella,15.2
"Mortadella, pure pork",14.8
"Mortadella, pork and beef",16.4
"Mortadella with pistachios, pure pork",14.4
"Horse sausage, cervelas type",14.2
"Plant-based ham, prepacked",29.7
"Plant-based pâté, prepacked",3.56
"Plant-based sausage with tofu (vegan), prepacked",13.4
"Plant-based sausage with tofu (not vegan), prepacked",11.0
"Plant-based sausage with wheat or seitan, prepacked",27.1
"Burger from beef and soybean, prepacked",15.0
"Poultry sausage (with soybean), prepacked",12.1
"Mahimahi, flesh, cooked",23.7
"Salmon, cooked (average)",23.2
"Cod, cooked (average)",23.3
"European plaice, steamed",19.0
"Haddock, steamed",20.9
"Atlantic herring, fried",23.0
"Atlantic herring, grilled/pan-fried without added fat",21.6
"Saithe, cooked",23.1
"Lemon sole, steamed",17.4
"Mackerel, roasted/baked",21.5
"Mackerel, fried",23.6
"Whiting, fried",23.1
"Whiting, steamed",23.0
"Cod, roasted/baked",22.3
"Cod, salted, boiled/cooked in water",26.0
"Cod, steamed",24.5
"Mullet, roasted/baked",24.8
"Ray, roasted/baked",23.0
"Nursehound or lesser spotted dogfish, cooked",25.4
"Salmon, steamed",23.0
"Tuna, roasted/baked",29.9
"Common sole, steamed",20.3
"Common sole, roasted/baked",15.7
"Common sole, boiled/cooked in water",15.0
"Common sole, fried",15.8
"Ray, cooked in an aromatic stock",23.2
"Anglerfish, grilled/pan-fried without added fat",23.0
"Swordfish, roasted/baked",28.7
"Turbot, roasted/baked",21.3
"European hake, braised",21.2
"Haddock, grilled/pan-fried without added fat",20.0
"European pilchard or sardine, grilled/pan-fried without added fat",25.1
"Snapper, cooked",26.3
"Spiny scorpionfish, steamed",24.6
"Pollock, cooked",24.4
"Salmon, microwaved, farmed",24.2
"Salmon, boiled/cooked in water, farmed",25.0
"Black seabream, roasted/baked",22.9
"Salmon, grilled/pan-fried without added fat",25.5
"Salmon, farmed, roasted/baked",22.1
"Ling, cooked",24.5
"Greenland halibut, steamed",17.3
"Common sole, grilled/pan-fried without added fat",23.6
"Salmon trout, sautéed/pan-fried without added fat",22.0
"Eel, cooked (average)",22.1
"Eel, roasted/baked",23.6
"Eel, boiled/cooked in water",20.5
"Northern pike, roasted/baked",23.1
"Carp, roasted/baked",21.6
"European perch, roasted/baked",22.1
"Trout, roasted/baked",26.6
"Trout, steamed",19.0
"Rainbow trout, farmed, roasted/baked",21.5
"Rainbow trout, farmed, steamed",20.0
"Pangasius, filets, cooked",17.5
"European bass, roasted/baked",22.2
"Gilthead seabream, roasted/baked",23.6
"Mahimahi, flesh, raw",18.5
"American bass, raw",20.3
"Alaska pollock, raw",16.3
"Atlantic halibut, raw",21.2
"Atlantic herring, raw",17.7
"Anglerfish, raw",15.1
"Salmon, raw, farmed",20.5
"Turbot, wild, raw",17.2
"Cod, raw",18.1
"European hake, raw",17.6
"Saithe, frozen, raw",19.8
"Hake, fillet, frozen, raw",15.1
"Mackerel, raw",18.1
"Ray, raw",21.4
"Tuna, raw",24.0
"European plaice, raw",20.0
"Common dab, raw",18.3
"Common sole, raw",18.0
"Spiny scorpionfish, raw",18.9
"Yellowfin tuna, raw",25.0
"European pilchard or sardine, raw",19.5
"Skipjack tuna, raw",22.0
"Atlantic bluefin tuna, raw",23.3
"European bass, raw",19.1
"Nursehound or lesser spotted dogfish, raw",23.3
"Atlantic bass, raw",16.6
"Albacore, raw",27.2
"Anchovy, raw",18.6
"Gilthead seabream, wild, raw",18.1
"Swordfish, raw",18.9
"Pond smelt, raw",17.5
"Megrim, raw",19.9
"Surmullet or red mullet, raw",18.4
"Gilthead seabream, raw, farmed",20.9
"Mullet, raw",20.1
"Sea trout, raw",19.6
"Whiting, raw",18.8
"Black seabream, raw",20.5
"Bogue, raw",17.9
"Bonito, raw",22.3
"Atlantic chub mackerel, raw",22.1
"Common dentex, raw",17.0
"John dory, raw",19.9
"Red gurnard, raw",19.0
"Brown meagre, raw",20.0
"Capelin, raw",18.7
"Blackspot seabream, raw",21.0
"Surmullet or red mullet, steamed",24.1
"Salema, raw",18.0
"Horse mackerel, raw",19.0
"Haddock, raw",17.3
"Pacific cod, raw",15.3
"Conger, raw",18.3
"Roundnose grenadier, raw",15.4
"Pollack, raw",17.7
"Ling, raw",19.2
"Pouting, raw",19.7
"Saithe, raw",18.8
"Lemon sole, raw",17.0
"Cod liver, raw",5.0
"Snapper, raw",20.5
"Largehead hairtail, raw",18.0
"Greenland halibut, raw",13.5
"Crevalle jack, raw",19.9
"Bigeye scad, raw",17.5
"Salmon, wild, raw",21.0
"Shark, raw",20.8
"Garfish, raw",20.0
"Lump fish, raw",10.0
"Freshwater bream, raw",16.9
"Arctic char, raw",19.8
"Spotted wolffish, raw",16.3
"European sprat, raw",19.8
"Turbot, raw",17.9
"European whitefish, raw",20.5
"Grouper, raw",18.6
"Blue ling, raw",18.9
"Tonguesole, raw",15.7
"Turbot, farmed, raw",18.3
"Mediterranean bass, raw, wild",20.1
"Mediterranean bass, raw, farmed",21.4
"Anglerfish (Lophius budegassa), raw",16.7
"Golden redfish, raw",18.8
"Grenadier, from any fishing spot, raw",17.8
"Blue grenadier, raw",15.6
"Tub gurnard, raw",20.3
"Coho salmon, raw",21.4
"Shallow-water Cape hake, frozen, raw",16.1
"Horse mackerel, lean (spring, summer), raw",18.7
"Horse mackerel, oily (autumn, winter), raw",19.6
"Atlantic herring, lean, raw",18.3
"Atlantic herring, oily, raw",18.7
"Big-scale sand smelt (whole small fish), to fry, raw",17.5
"Blue shark, fillet, without skin, raw",15.0
"Surmullet or red mullet, fillet with skin, frozen, raw (from Thailand or Senegal)",16.3
"Carp, raw, farmed",17.7
"Trout, raw, farmed",19.3
"Rainbow trout, raw, farmed",19.0
"European perch, raw",17.9
"Northern pike, raw",18.8
"Sturgeon, raw",17.7
"Eel, raw",16.1
"Brown bullhead, raw",13.5
"Tilapia, raw",18.1
"Salmon trout, raw",19.2
"Burbot, raw",17.8
"Pike-perch, raw",18.3
"Nile perch, raw",19.1
"Winkle, cooked",16.3
"Scallop, with coral, cooked",20.2
"Grey shrimp, boiled",19.4
"Shrimp or prawn, boiled",20.5
"Lobster, boiled/cooked in water",19.6
"Mussel, boiled/cooked in water",17.2
"Whelk, cooked",20.7
"Spiny lobster, boiled/cooked in water",21.8
"Crab, boiled/cooked in water",19.5
"Clam, boiled/cooked in water",16.2
"Crayfish, cooked",16.3
"Prawn, ""bouquet"", wild, boiled",22.8
"Cockle, cooked",13.6
"Squid, boiled/cooked in water",32.5
Crustacean or mollusc (average),19.5
"Norway lobster, boiled/cooked in water",20.9
"Spinous spider crab, boiled/cooked in water",18.3
"White shrimp or tropical shrimp (rose), boiled",22.1
"Tropical tiger prawn, boiled",22.6
"Pinkspotted shrimp, boiled",26.6
"Octopus, common, cooked",29.8
"Seafood, cooked, frozen",13.5
"Squid, fried or pan-fried, with fat",17.9
"Shrimp or prawn, peeled, boiled, refrigerated, prepacked",18.3
"Crayfish, peeled, cooked, refrigerated, prepacked",18.6
"Grey shrimp, peeled, boiled, refrigerated, prepacked",20.7
"Snail, without added fat, cooked",16.6
"Shrimp or prawn, wild, boiled",22.0
"Shrimp or prawn, farmed, boiled (average)",22.5
"Frog, leg, grilled/pan-fried without added fat",21.9
"Squid, raw",14.4
"Scallop, with coral, raw",17.0
"Snail, raw",16.1
"Lobster, raw",17.9
"Oyster, raw",8.64
"Mussel, common, raw",11.2
"Spiny lobster, raw",17.7
"Cuttlefish, raw",16.2
"Clam, raw",11.5
"Octopus, common, raw",12.9
"Whelk, raw",23.8
"Shrimp or prawn, raw",19.7
"Norway lobster, raw",19.1
"Mediterranean mussel, raw",10.7
"Crayfish, raw",14.8
"Pacific oyster, raw",8.64
"European oyster, raw",10.2
"Shrimp or prawn, frozen, raw",23.4
"Crab, raw",19.5
"Abalone or ormer or sea ear, raw",14.4
"Scallop, without coral, raw",17.9
"American or Canadian sea scallop, without coral, raw",17.3
"Peru sea scallop, without coral, raw",17.5
"Winkle, raw",
"Frog, leg, raw",16.2
"Rillettes, crab, prepacked",9.16
"Rillette, fish, prepacked",13.9
"Rillettes, salmon, prepacked",12.9
"Rillettes, tuna, prepacked",13.6
"Rillettes, mackerel, prepacked",11.0
"Taramasalata, with smoked salmon, prepacked",7.7
"Fish terrine, prepacked",9.01
"Seafood terrine, with or without fish, prepacked",9.13
"Taramasalata, with cod eggs, prepacked",6.11
"Squid fritter, Roman-style, prepacked",8.69
"Flaked crab and/or decorticated crab leg, canned, drained",18.1
"Norway lobster or scampi, breaded, fried",10.9
Shrimp fritters,6.5
"Mussel, canned in brine, drained",16.1
"Snail in parsley butter, prepacked, cooked",12.9
"Mussels, in Catalan-style sauce or marinade (tomatoes), canned, drained",9.6
"Caribbean-style fish fritters, fish acras, prepacked",12.4
"Salmon carpaccio, with marinade, home-made",16.9
"Salmon, smoked, with spices",22.6
"Salmon, smoked, marinated with dill and lemon",21.2
"Mackerel, grilled filet, canned in sauce, drained",18.8
"Atlantic herring, smoked",18.1
"Anchovy, fillets, rolled with capers, salted, in oil, semi-preserved, drained",22.9
"Anchovy, fillets, marinated in oil, semi-preserved, drained",20.6
"European plaice, breaded, fried",14.3
"Lump roe, semi-preserved",10.4
"Caviar, semi-preserved",25.0
"Atlantic herring, marinated, or rollmops, prepacked",13.7
"Atlantic herring, smoked, canned in brine",16.5
"Lemon sole, breaded, fried",16.7
"Pilchard, in tomato sauce, canned, drained",13.0
"Fish nuggets, breaded croquette, prepacked",13.2
"Fish, breaded, frozen, raw",11.0
"Fish, breaded, fried, prepacked",11.9
"European pilchard or sardine, in oil, canned, drained",23.3
"European pilchard or sardine, in tomato sauce, canned, drained",20.2
"Salmon, smoked",22.2
"Tuna, canned in brine, drained",26.8
"European pilchard or sardine, in olive oil, canned, drained",23.3
"Surimi, on sticks, in slices or grated, crab flavour",7.54
"Cod roe, smoked, semi-preserved",29.0
"Albacore, steamed under pressure",30.0
"Mackerel, fillet, in tomato sauce, canned, drained",17.7
"Mackerel, smoked",19.8
"Haddock, smoked",22.6
"Mackerel, fillet, in mustard sauce, canned, drained",20.8
"Mackerel, fillet in white wine, canned, drained",17.8
"Cod, salted, dried",47.6
"Salmon, canned, drained",21.0
"Mackerel, fillet (grilled or not grilled), canned in brine, drained",18.8
"Whiting, breaded",12.6
"Cod liver, canned, drained",7.25
"Trout roe, canned",26.3
"Alaska pollock, smoked",18.3
"Anchovy, fillets, salted, in oil, semi-preserved, drained",24.9
"Albacore, in olive oil, canned, drained",31.3
"Tuna, whole slice, in sunflower oil, canned, drained",23.3
"Yellowfin tuna, canned in brine, drained",24.8
"Mackerel, marinated",16.3
"European pilchard or sardine, fillets without fishbone, in olive oil, canned, drained",23.2
"Atlantic herring, smoked, in oil",15.1
"Surimi, filled with fresh cheese",6.6
"Tuna, flaked, in tomato sauce, canned, drained",13.0
"Tuna, in Catalan-style or tomato sauce, canned",12.0
"Tuna, flaked, in sunflower oil, canned, drained",23.4
"Salmon roe, semi-preserved",30.8
"Anchovy, fillets, marinated in oriental style (oil,chili pepper…), semi-preserved, drained",19.6
"Anchovy, fillets, salted, in sunflower oil, semi-preserved, drained",24.5
"Anchovy, fillets, salted, in olive oil, semi-preserved, drained",25.0
"Salmon, wild, smoked",23.6
"Salmon, smoked, farmed",22.1
"European pilchard or sardine, in sunflower oil, canned, drained",23.5
"European pilchard or sardine, in peanut oil, canned, drained",21.2
"Anchovy, marinated, semi-preserved, drained (average)",20.3
"Trout, smoked, farmed",22.3
"Egg white, cooked",10.3
"Egg yolk, cooked",16.0
"Egg, hard-boiled",13.5
"Egg, poached",12.5
"Egg, soft-boiled",12.2
"Egg, scrambled, with added fat",11.9
"Egg, fried, without added fat",14.6
"Egg, raw",12.8
"Egg white, raw",10.9
"Egg yolk, raw",15.5
"Quail egg, raw",13.1
"Duck egg, raw",12.8
"Goose egg, raw",13.9
"Turkey egg, raw",13.7
"Egg yolk, powder",33.7
"Egg white, powder",81.1
"Egg, powder",48.4
"Omelette, plain, homemade",13.8
"Omelette with cheese, homemade",17.7
"Omelette with lardoons, homemade",12.5
"Omelette with mushrooms, homemade",8.09
"Omelette with herbs, homemade",9.5
"Spanish-style tortilla with onions (omelette with potatoes and onions), prepacked",5.56
"Omelette with vegetables, cheese or meat (average)",9.61
"Milk, bulk",3.28
"Milk, whole, raw",
"Milk, whole (average)",3.42
"Milk, whole, UHT",3.46
"Milk, whole, pasteurised",3.3
"Milk, semi-skimmed (average)",3.46
"Milk, semi-skimmed, UHT, fortified with vitamin D",3.38
"Milk, 1,2% fat, UHT, fortified with vitamins",3.38
"Milk, fat content unknown, UHT (average)",3.48
"Milk, semi-skimmed, UHT",3.48
"Milk, semi-skimmed, pasteurised",3.19
"Milk, skimmed, UHT",3.6
"Milk, skimmed, pasteurised",3.37
"Milk, semi-skimmed, UHT, reduced lactose",3.45
"Goat milk, whole, UHT",2.96
"Goat milk, half skimmed, UHT",3.77
"Goat milk, whole, raw",3.22
"Mare's milk, whole",2.41
"Sheep milk, whole",5.68
"Buffalo milk, whole",
"Milk powder, whole",26.6
"Condensed milk, no added sugars, whole",6.44
"Condensed milk, with sugar(s), whole",7.7
"Milk powder, semi-skimmed",31.5
"Milk powder, skimmed",35.3
"Fermented milk drink, flavoured, with sweetener(s), reduced sugar, 0% fat, with L Casei",2.9
"Fermented milk drink, flavoured, with sugar(s)",3.16
"Fermented milk drink, flavoured, with sugar(s), with L Casei",3.06
"Fermented milk drink, flavoured, with sugar(s), fortified with vitamin D",2.98
"Fermented milk drink, with fruits, with sugar(s)",2.91
"Fermented milk drink, with fruits, with sugar(s), fortified with vitamin D",2.9
"Fermented milk drink, plain, with sugar(s), with L Casei",3.06
"Fermented milk, yogurt type with bifidus, flavoured, with sugar(s)",3.85
"Fermented milk, yogurt type with bifidus, with fruits, 0% fat, with sweetener(s)",4.67
"Fermented milk, yogurt type with bifidus, with fruits, with sugar(s)",3.76
"Fermented milk, yogurt type with sterol esters, with fruits, 0% fat, with sweetener(s)",3.88
"Fermented milk, yogurt type with bifidus, plain, 0% fat",4.39
"Fermented milk, yogurt type with bifidus, plain",6.35
"Yogurt, Greek-style, ewe's milk",4.82
"Fermented milk drink, flavoured, with sugar(s), fortified with vitamin D, with L Casei",2.84
"Yogurt, Greek-style, on a fruit layer, with sugar(s)",2.34
"Yogurt, ewe's milk, flavoured, with sugar(s)",5.04
"Yogurt, ewe's milk, plain, around 3% fat",5.61
"Yogurt, ewe's milk, on a fruit layer, with sugar(s)",4.34
"Yogurt, goat's milk, plain",4.28
"Yogurt or fermented milk, on a fruit layer, with sugar(s)",4.08
"Yogurt or fermented milk, flavoured, 0% fat, with sweetener(s)",5.09
"Yogurt or fermented milk, flavoured, 0% fat, with sweetener(s), fortified with vitamin D",4.58
"Yogurt or fermented milk, flavoured, with sugar(s)",3.15
"Yogurt or fermented milk, flavoured, with cream, with sugar(s)",2.98
"Yogurt or fermented milk, flavoured, with sugar(s), fortified with vitamin D",3.16
"Yogurt or fermented milk, with cereals",3.64
"Yogurt or fermented milk, with chocolate flakes, with cream, with sugar(s)",3.62
"Yogurt or fermented milk, with fruits, 0% fat, with sweetener(s)",4.38
"Yogurt or fermented milk, with fruits, 0% fat, with sweetener(s), fortified with vitamin D",4.31
"Yogurt or fermented milk, with fruits, with sugar(s)",3.23
"Yogurt or fermented milk, with fruits, with cream, with sugar(s)",2.73
"Yogurt or fermented milk, with fruits, with sugar(s), fortified with vitamin D",3.32
"Yogurt or fermented milk, plain",3.83
"Yogurt or fermented milk, plain, 0% fat",4.16
"Yogurt or fermented milk, plain, 0% fat, fortified with vitamin D",4.58
"Yogurt or fermented milk, plain, with cream",3.22
"Yogurt or fermented milk, plain, with sugar(s)",2.92
"Yoghurt or fermented milk, plain (average)",3.93
"Yoghurtor fermented milk, plain or with fruits (average)",3.7
"Yoghurt or fermented milk, with fruits (average)",3.29
"Yoghurt, rich in protein, on a fruit layer, with sugar(s)",7.46
"Yogurt or fermented milk, with fruits or flavoured, 0% fat (average)",4.54
"Yogurt or fermented milk, with fruits or flavoured, no reduced fat (average)",3.15
"Yogurt or fermented milk, with fruits or flavoured, with sweetener(s) (average)",4.54
"Yogurt or fermented milk, with fruits or flavoured, with sugar(s) (average)",3.16
"Yogurt or fermented milk, with fruits or flavoured, no reduced fat, with sugar(s) (average)",3.16
"Yogurt or fermented milk, with fruits or flavoured (average)",3.29
"Yogurt or fermented milk, plain, fortified with vitamin D",4.32
"Yoghurt, rich in protein, plain",9.29
"Yogurt or fermented milk, plain, with sugar(s), fortified with vitamin D",3.09
"Yogurt, goat's milk, with fruits, with sugar(s)",3.83
"Yogurt, goat's milk, on a fruit layer, with sugar(s)",3.85
"Yogurt or fermented milk, on a fruit layer, with cream, with sugar(s)",2.56
"Fermented milk drink, plain, skimmed milk",3.33
"Fermented milk drink, plain, whole milk",3.38
"Yogurt, Greek-style, plain",3.02
"Yogurt, Greek-style, flavoured, with sugar(s)",2.39
Milk kefir,3.19
"Yogurt, ewe's milk, plain, around 6% fat",5.42
"Quark, plain or with fruits (average)",7.02
"Fresh cream cheese, petit-suisse type, chocolate flavoured, with sugar(s)",4.21
"Drained soft fresh cheese, with fruit sauce",3.57
"Drained soft fresh cheese, 0% fat",4.52
"Drained soft fresh cheese, around 6% fat",4.47
"Quark and whipped cream, on a fruit layer, with sugar(s)",4.59
"Quark, plain, 0% fat",7.34
"Quark, plain, 0% fat, fortified with vitamin D",7.57
"Quark, plain, 2-3% fat",7.28
"Quark, plain, 2-3% fat, fortified with vitamin D",6.3
"Quark and whipped cream, plain",6.72
"Quark or dairy specialty, with chocolate flakes, 7-8% fat, with sugar(s)",6.1
"Quark or dairy specialty, with fruits, 0% fat, with sugar(s)",7.42
"Quark or dairy specialty, with fruits, 2-3% fat, with sugar(s)",6.15
"Quark or dairy specialty, with fruits, 7-8% fat, with sugar(s)",5.57
"Quark or dairy specialty, on a fruit layer, 7-8% fat, with sugar(s)",4.13
"Fresh cream cheese, petit-suisse type, plain, 0% fat",9.9
"Fresh cream cheese, petit-suisse type, plain, around 4% fat",9.71
"Fresh cream cheese mousse, on a fruit layer, 0% fat, with sweetener(s), fortified with calcium and vitamin D",6.48
"Fresh cream cheese, petit-suisse type, plain, around 10% fat",9.19
"Quark or dairy specialty, with fruits, 0% fat, with sweetener(s), with sugar(s), fortified with vitamin D",6.53
"Quark or dairy specialty, flavoured, 0% fat, with sweetener(s), with sugar(s), fortified with vitamin D",6.64
"Quark or dairy specialty, flavoured, 0% fat, with sweetener(s), with sugar(s)",5.72
"Quark or dairy specialty, on a fruit layer, 0% fat, with sweetener(s), with sugar(s), fortified with vitamin D",6.43
"Quark or dairy specialty, on a fruit layer, 0% fat, with sweetener(s), no added sugars, fortified with vitamin D",6.91
"Quark or dairy specialty, flavoured, 0% fat, with sweetener(s), no added sugars",7.66
"Quark, plain, 7-8% fat",5.55
"Quark from ewe's milk, plain, around 5% fat",6.35
"Quark from goat's milk, plain, around 7% fat",6.55
"Quark or dairy specialty, flavoured, 0% fat, with sugar(s)",7.01
"Quark or dairy specialty, flavoured, 2-3% fat, with sugar(s)",6.2
"Quark, plain, 2-3% fat, with sugar(s)",7.66
"Quark or dairy specialty, flavoured, 7-8% fat, with sugar(s)",5.29
"Fresh cream cheese, petit-suisse type, with fruits, 2-3% fat, with sugar(s)",6.39
"Fresh cream cheese, petit-suisse type, with fruits, 2-3% fat, with sugar(s), fortified with vitamin D",3.43
"Fresh cream cheese, petit-suisse type, flavoured, 2-3% fat, with sugar(s)",5.96
"Fresh cream cheese, petit-suisse type, flavoured, 2-3% fat, with sugar(s), fortified with vitamin D",4.89
"Quark or dairy specialty, on a fruit layer, 0% fat, with sugar(s)",8.08
"Custard dessert, reduced fat, refrigerated",3.66
"Flan with eggs, refrigerated",4.23
"Renneted milk, flavoured, refrigerated",4.65
"Milk jelly, flavoured, covered with caramel sauce, refrigerated",2.55
"Milk jelly, flavoured, refrigerated",3.39
"Custard (chocolate, coffee, caramel or vanilla) topped with whipped cream, refrigerated",3.09
"Egg custard, refrigerated",5.03
"Panna cotta, with fruit preparation or caramel, refrigerated",2.69
"Dairy specialty or milk-based desert, flavoured, reduced fat, with sugar(s) and sweetener(s), refrigerated",3.8
"Semolina pudding with raisins and caramel sauce, refrigerated",3.79
"Rice pudding with caramel sauce, refrigerated",3.3
"Milkshake, from fast food",3.38
"Custard dessert, chocolate, refrigerated",3.46
"Chocolate mousse (milk-based), refrigerated",5.06
"Caramel custard, refrigerated",4.75
"Custard with eggs (small jar of chocolate or vanilla cream), refrigerated",4.34
"Rice pudding, vanilla, cinnamon or plain, refrigerated",3.0
"Caramelized custard cream (crème brûlée), refrigerated",4.44
"Custard dessert, vanilla, canned",3.85
"Floating island (meringue poached in milk and served in a light custard cream), refrigerated",4.7
"Semolina pudding, refrigerated",3.41
"Custard dessert, vanilla, refrigerated",2.98
"Custard dessert, refrigerated (average)",3.5
"Mousse (chocolate, coffee, caramel or vanilla) topped with whipped cream, refrigerated",3.75
"Custard dessert, coffee, refrigerated",2.86
"Custard dessert, caramel, refrigerated",2.88
"Fruit mousse, with cottage cheese, 0% fat, with sugar(s) and sweetener(s), fortified with calcium, refrigerated",6.25
"Fruit mousse, with cottage cheese, with sugar(s), refrigerated",5.03
"Rice pudding with caramel, refrigerated",2.95
"Rice pudding with rhum and raisins, refrigerated",3.03
"Chocolate or coffee mousse, on ganache cream, refrigerated",4.58
"Custard dessert, chocolate, with chocolate-coated cereals, refrigerated",3.85
"Custard dessert, canned (average)",3.53
"Custard dessert, chocolate, canned",3.25
"Custard dessert, refrigerated or canned (average)",3.5
"Tiramisu with coffee, refrigerated",4.25
"Tiramisu with fruits, refrigerated",3.62
"Chestnut mousse, refrigerated",2.17
"Profiteroles (chou pastry) with custard and chocolate sauce, refrigerated",5.06
"Chocolate mousse, traditional, refrigerated",7.38
"Fruits batter-pudding, refrigerated",5.21
"Fruit liegeois, refrigerated",1.15
"Dark chocolate fondant with light custard cream, refrigerated",4.5
"Chocolate cake, with creamy chocolate heart, refrigerated",6.56
French toast,6.0
"Eggnog, without alcohol",4.55
"Pastry cream or custard, instant, reconstituted",3.79
"Soy dessert, with fruits, with sugar(s), fortified with calcium, fermented, refrigerated",2.74
"Soy dessert, plain, no added sugars, not fortified, fermented, refrigerated",3.76
"Soy dessert, plain, no added sugars, fortified with calcium, fermented, refrigerated",3.59
"Soy dessert, with fruits, with sugar(s), not fortified, fermented, refrigerated",3.31
"Soy dessert, with almonds, with sugar(s), fortified with vitamins and minerals, refrigerated",3.65
"Soy dessert, flavoured, with sugar(s), fortified with calcium, refrigerated",3.25
"Soy dessert, flavoured, with sugar(s), not fortified, refrigerated",2.74
"Plant-based dessert (almond, oat, hemp, coconut, rice), flavoured, with sugar(s), not fortified, refrigerated",1.66
"Plant-based dessert (coconut, rice), with fruits, with sugar(s), fortified with calcium, fermented, refrigerated",0.21
"Soy dessert, flavoured, with sugar(s), fortified with calcium and vitamin D, refrigerated",2.96
"Soy dessert, with fruits, with sugar(s), fortified with calcium and vitamin D, fermented, refrigerated",2.76
"Plant-based dessert (almond, oat, hemp, coconut, rice), plain, no added sugars, not fortified, refrigerated",1.2
"Plant-based dessert without soy, refrigerated (average)",1.66
"Soy dessert, refrigerated (average)",3.38
"Chocolate mousse, plant-based, refrigerated",6.69
"Cheese mix, grated, from cow's milk",32.0
Cheese (average),21.1
"Camembert cheese, from cow's milk",19.5
"Soft-ripened cheese with bloomy rind (Camembert-type cheese), from cow's milk",19.7
"Soft-ripened cheese with bloomy rind, reduced fat (Camembert-type cheese), from cow's milk",22.6
"Camembert cheese, from cow's milk, from raw milk or thermised milk",20.7
"Camembert cheese, from cow's milk, from pasteurized milk",19.2
"Soft-ripened cheese, double cream, around 30% fat, with bloomy rind, from cow's milk",16.6
"Coulommiers cheese, from cow's milk",18.8
"Soft-ripened cheese with bloomy rind, square or brick , from cow's milk",17.8
"Brie cheese, from cow's milk",17.6
"Brie de Meaux cheese, from cow's milk",21.4
"Brie de Melun cheese, from cow's milk",22.0
"Carré de l'Est cheese, from cow's milk",18.4
"Chaource cheese, from cow's milk",17.3
"Maroilles ""laitier"" (milk collected in many farms) cheese, from cow's milk",22.3
"Maroilles ""fermier"" (milk collected in an unique farm) cheese, from cow's milk",21.2
"Neufchâtel cheese, from cow's milk",18.1
"Soft-ripened cheese, triple cream, around 3840% fat, from cow's milk",10.5
"Soft-ripened cheese, washed rind (average)",20.0
"Soft-ripened washed-rind cheese, reduced fat, from cow's milk",21.6
"Maroilles cheese, from cow's milk",21.9
"Livarot cheese, from cow's milk",24.6
"Époisses cheese, from cow's milk",17.6
"Munster cheese, from cow's milk",20.4
"Langres cheese, from cow's milk",16.7
"Soft-ripened washed-rind cheese, from cow's milk",20.3
"Pont l'Evêque cheese, from cow's milk",22.7
"Reblochon cheese, from cow's milk",20.3
"Saint-Marcellin cheese, from cow's milk",15.1
"Soft-ripened washed, bloomy and coloured rind cheese, from cow's milk",18.2
"Vacherin cheese or Mont d'or cheese, from cow's milk",17.9
"Saint-Felicien cheese, from cow's milk",13.4
"Cheese for tartiflette, soft with mixed rind, from cow's milk",20.2
Boulette d'Avesnes cheese from cow's milk,20.9
"Corsica soft ripened cheese, from ewe's milk",20.4
"Cheese, lactic, matured, from goat's milk",20.7
"Cheese, from goat's milk, from raw milk",18.5
"Cheese, semi-dry, from goat's milk",21.6
"Cheese, buche, from goat's milk",18.8
"Cheese, buche, from goat's milk, reduced fat",22.6
"Soft-ripened cheese, from goat's milk",19.5
"Cheese, dry, from goat's milk",30.5
"Soft-ripened cheese with bloomy rind, from goat's milk, Camembert-type cheese",19.0
"Soft ripened cheese with bloomy rind, from ewe's milk",18.0
"Chabichou cheese, from goat's milk",19.4
"Pélardon cheese, from goat's milk",23.8
"Crottin cheese, from goat's milk, from raw milk",23.2
"Crottin cheese, from goat's milk",22.4
"Crottin de Chavignol cheese, from goat's milk",20.7
"Picodon cheese, from goat's milk",19.9
"Pouligny Saint-Pierre cheese, from goat's milk",17.6
"Sainte Maure cheese, from goat's milk",20.0
"Selles-sur-Cher cheese, from goat's milk",18.8
"Chevrot cheese, from goat's milk",17.2
"Rocamadour cheese, from goat's milk",18.1
"Valençay cheese, from goat's milk",18.9
"Roquefort cheese, from ewe's milk",19.5
"Fourme de Montbrison cheese, from cow's milk,",22.5
"Blue cheese, from cow's milk",16.8
"Auvergne blue cheese, from cow's milk",20.6
"Fourme d'Ambert cheese, from cow's milk",20.6
"Causses blue cheese, from cow's milk",20.4
"Gorgonzola cheese, from cow's milk",19.5
"Gex blue cheese, or Jura blue cheese or Septmoncel blue cheese, from cow's milk",22.5
"Bresse blue cheese, reduced fat, from cow's milk",21.4
"Emmental cheese, from cow's milk, from Savoy",29.7
Hard cheese (average),27.8
"Beaufort cheese, from cow's milk",26.7
"Cantal cheese, not matured, from cow's milk,",24.7
"Comté cheese, from cow's milk",27.8
"Abondance cheese, from cow's milk",27.1
"Gruyere cheese, France, Protected Geographical Indication, from cow's milk",28.2
"Gruyere cheese, from cow's milk",26.3
"Emmental cheese, from cow's milk",27.9
"Hard cheese, emmental-type cheese, reduced fat, from cow's milk",29.2
"Emmental cheese, grated, from cow's milk",27.6
"Ossau-Iraty cheese, from ewe's milk",24.2
"Parmesan cheese, from cow's milk",31.1
"Fontina cheese, from cow's milk",25.6
"Pecorino cheese, from ewe's milk",25.5
"Grana Padano cheese, from cow's milk",33.9
"Firm cheese, Maasdam-type, reduced fat, from cow's milk",28.2
"Provolone cheese, from cow's milk",25.6
"Firm cheese in wax casing, from cow's milk",21.5
"Firm cheese in wax casing, reduced fat, from cow's milk",25.5
"Cantal cheese, half matured, from cow's milk",26.6
"Cantal cheese, from cow's milk",25.3
"Salers cheese, from cow's milk",25.9
"Cheddar cheese, from cow's milk",24.7
"Edam cheese, from cow's milk",25.7
"Mimolette cheese, young, from cow's milk (cured less than 6 months)",28.9
"Gouda cheese, from cow's milk",24.7
"Mimolette cheese, half-old, from cow's milk (cured 6 months minimum)",30.6
"Mimolette cheese, old, from cow's milk (cured 12 months minimum)",34.0
"Mimolette cheese, from cow's milk",25.8
"Firm cheese, Maasdam-type, from cow's milk",25.5
"Mimolette cheese, extra old, from cow's milk (cured 18 months minimum)",33.7
"Morbier cheese, from cow's milk",22.8
"Pyrénées firm cheese, from ewe's milk",22.3
"Saint-Nectaire cheese, from cow's milk, milk collected in many farms",21.7
"Raclette cheese, from cow's milk",23.4
"Saint-Nectaire cheese, from cow's milk, milk collected in an unique farm",22.3
"Saint-Nectaire cheese, from cow's milk",23.5
"Saint-Paulin, firm cheese, from cow's milk (semi-hard cheese)",22.3
"Tomme cheese, from cow's milk",21.6
"Tomme cheese, reduced fat, around 13% fat",31.0
"Asiago cheese, from cow's milk",32.1
"Tomme cheese (PDO) from the French Bauges mountains, from cow's milk",26.6
"Tete de Moine cheese (PDO), from cow's milk",26.0
"Raclette cheese, from cow's milk, smoked",24.1
"Raclette cheese, from cow's milk, with pepper",24.5
"Gouda cheese, with cumin seed, from cow's milk",24.1
"Tomme cheese, from cow's milk, from Savoy",23.5
"Tomme cheese, from cow's milk, from Pyrénées",22.1
"Raclette cheese, from cow's milk, from Savoy",24.1
"Hard cheese, from cow's milk",25.6
"Firm cheese, from goat's milk",22.1
"Processed cheese, in slices, from cow's milk",14.1
"Processed cheese, from cow's milk, flavoured, in cubes, for aperitif",12.4
"Processed cheese, from cow's milk, triangle, not fortified",11.2
"Processed cheese, from cow's milk, triangle, fortified with vitamins",8.0
"Processed cheese, reduced fat, from cow's milk",11.5
"Processed cheese, from cow's milk, square, not fortified with vitamins",8.77
"Processed cheese, from cow's milk, square or on stick, fortified with vitamins",8.38
"Camembert cream (processed cheese), from cow's milk",11.2
"Cancoillotte (processed cheese), from cow's milk",13.8
"Processed cheese with fresh cream cheese and walnuts, from cow's milk",11.2
"Processed cheese snack , from cow's milk, with breadsticks, for children",9.83
"Uncured soft cheese, spreadable, in a shell, fortified with vitamins, from cow's milk",5.51
Brocciu cheese from goat or ewe's whey,10.2
"Feta-type cheese, 100% from cow's milk",15.4
"Feta or Feta-type cheese, 100% from ewe's milk",16.3
"Feta-type cheese, 100% from cow's milk, in oil and spices",17.6
"Finger-food cheese from cow's milk, filled or coated",11.3
"Feta cheese, 70% min. from ewe's milk, 30% min. from goat's milk",15.1
"Feta-type cheese, 100% from cow's milk, in oil and spices, drained",9.75
"Uncured soft cheese, spreadable, plain, in tray, from cow's milk",6.25
"Uncured soft cheese, spreadable, plain, in tray, reduced fat, from cow's milk",10.8
"Uncured soft cheese, spreadable, flavoured with garlic and herbs), from cow's milk",8.03
Brousse (uncured cheese from ewes' milk),9.38
"Burrata, from cow's milk",10.8
"Uncured soft cheese, spreadable, flavoured, olives or fig and nuts (other than garlic and herbs), from cow's milk",6.79
"Processed cheese, to unroll or to shred, from cow's milk",23.8
"Uncured soft cheese, spreadable, reduced fat, from cow's milk, flavoured (ex : garlic and herbs)",3.06
"Feta-type cheese from ewe's milk, in oil and spices, drained",7.04
"Cheese, fresh, from goat's milk,",12.0
"Cheese, from goat's milk, spreadable, plain",10.8
"Cheese, from ewe's whey",10.1
"Mascarpone cheese, from cow's milk",6.0
"Ricotta cheese, from cow's milk",8.13
"Mozzarella cheese, from cow's milk",16.5
"Mozzarella cheese, from buffala's milk",14.5
"Plant-based spread-cheese type, with soybean, prepacked",11.7
"Plant-based cheese, with cashew, prepacked",14.5
"Plant-based cheese, without soybean, prepacked",0.25
"Cream and similar, fat content unknown (average)",2.45
"Cream and similar, fat content unknown, fluid (average)",2.49
"Cream and similar, fat content unknownthick or semi-thick (average)",2.67
"Cream 30% fat, thick, refrigerated",2.32
"Cream, from Isigny, >= 35% fat",2.55
"Cream 30% fat, semi-thick, UHT",2.49
"Cream 30% fat, liquid, UHT",2.2
"Whipped cream, aerosol, UHT",2.11
"Cream, 12-25% fat, light, semi-thick, UHT",2.78
"Cream, 12-25% fat, light, thick, refrigerated",2.65
"Cream based preparation, light, 5% fat, fluid or thick",3.06
"Cream based preparation, light, about 4% fat, fluid or thick",3.25
"Cream based preparation with aromatic herbs 19% fat, to cook",3.06
"Cream based preparation with aromatic herbs 12% fat, to cook",3.06
"Cream, 12-20% fat, light, fluid, refrigerated",2.96
"Mineral sparkling water, bottled, lightly mineralized (average)",0.0
"Water, mineral (average)",0.0
"Mineral still water, bottled (average)",0.0
"Mineral sparkling water, bottled (average)",0.0
"Water, municipal",0.0
"Spring water, bottled",0.0
"Mineral still water (Abatilles), bottled, lightly mineralized",0.0
"Mineral still water (Aix-les-Bains), bottled, lightly mineralized",0.0
"Mineral sparkling water (Aziac), bottled, lightly mineralized",0.0
"Mineral still water (Amanda), bottled, strongly mineralized",0.0
"Mineral sparkling water (Arcens), bottled, averagely mineralized",0.0
"Mineral sparkling water (Ardesy), bottled, strongly mineralized",0.0
"Mineral water (Celtic), bottled, very lightly mineralized",0.0
"Mineral still water (Chambon), bottled, lightly mineralized",0.0
"Mineral still water (Chantemerle), bottled, lightly mineralized",0.0
"Mineral sparkling water (Chateauneuf), bottled, strongly mineralized",0.0
"Mineral sparkling water (Chateldon), bottled, strongly mineralized",0.0
"Mineral still water (Clos de l'Abbaye), bottled, averagely mineralized",0.0
"Mineral still water (Contrex), bottled, strongly mineralized",0.0
"Mineral still water (Dax), bottled, averagely mineralized",0.0
"Mineral sparkling water (Didier), bottled, strongly mineralized",0.0
"Mineral still water (Didier), bottled, strongly mineralized",0.0
"Mineral still water (Evian), bottled, lightly mineralized",0.0
"Mineral still water (Hépar), bottled, strongly mineralized",0.0
"Mineral sparkling water (Hydroxydase), bottled, strongly mineralized",0.0
"Mineral sparkling water (Vernière), bottled, averagely mineralized",0.0
"Mineral still water (Luchon), bottled, lightly mineralized",0.0
"Mineral water (Mont-Roucous, bottled, very lightly mineralized",0.0
"Mineral water (Orée du bois), bottled, averagely mineralized",0.0
"Mineral sparkling water (Orezza), bottled, averagely mineralized",0.0
"Mineral sparkling water (Parot), bottled, averagely mineralized",0.0
"Mineral water (Plancoet), bottled, lightly mineralized",0.0
"Mineral still water (Propiac), bottled, strongly mineralized",0.0
"Mineral sparkling water (Puits St Georges), bottled, averagely mineralized",0.0
"Mineral sparkling water (Quézac), bottled, averagely mineralized",0.0
"Mineral sparkling water (Reine des basaltes), bottled, averagely mineralized",0.0
"Mineral sparkling water (Rozana), bottled, strongly mineralized",0.0
"Mineral still water (Sail-les-Bains), bottled, lightly mineralized",0.0
"Mineral sparkling water (Salvetat), bottled, averagely mineralized",0.0
"Mineral water (St-Amand), bottled, averagely mineralized",0.0
"Mineral still water (St-Antonin), bottled, strongly mineralized",0.0
"Mineral sparkling water (St-Diéry), bottled, strongly mineralized",0.0
"Mineral sparkling water (Ste-Marguerite), bottled, averagely mineralized",0.0
"Mineral sparkling water (St-Yorre), bottled, strongly mineralized",0.0
"Mineral still water (Thonon), bottled, lightly mineralized",0.0
"Mineral sparkling water (Vals-Vivaraise), bottled, averagely mineralized",0.0
"Mineral sparkling water (Ventadour), bottled, lightly mineralized",0.0
"Mineral sparkling water (Vernet), bottled, lightly mineralized",0.0
"Mineral sparkling water (Vichy Célestins), bottled, strongly mineralized",0.0
"Mineral still water (Vittel), bottled, averagely mineralized",0.0
"Mineral still water (Volvic), bottled, lightly mineralized",0.0
"Mineral sparkling water (Volvic active), bottled, lightly mineralized",0.0
"Mineral water (Wattwiller), bottled, lightly mineralized",0.0
"Mineral sparkling water (Perrier), bottled, lightly mineralized",0.0
"Mineral sparkling water (Badoit), bottled, averagely mineralized",0.0
"Mineral still water (Avra), bottled, lightly mineralized",0.0
"Mineral still water (Beckerich), bottled, lightly mineralized",0.0
"Mineral still water (Chaudfontaine), bottled, lightly mineralized",0.0
"Mineral still water (Christinen Brunnen), bottled, averagely mineralized",0.0
"Mineral still water (Courmayer), bottled, strongly mineralized",0.0
"Mineral still water (Levissima), bottled, lightly mineralized",0.0
"Mineral still water (Luso), bottled, very lightly mineralized",0.0
"Mineral still water (Néro), bottled, lightly mineralized",0.0
"Mineral still water (Penacova), bottled, very lightly mineralized",0.0
"Mineral water (San Bernardo), bottled, very lightly mineralized",0.0
"Mineral sparkling water (San Pellegrino), bottled, averagely mineralized",0.0
"Mineral water (Spa-Reine), bottled, averagely mineralized",0.0
"Mineral still water (Valvert), bottled, lightly mineralized",0.0
"Mineral still water (Appollinaris), bottled, strongly mineralized",0.0
"Mineral still water (Biovive), bottled, lightly mineralized",0.0
"Mineral still water (La Cairolle), bottled, strongly mineralized",0.0
"Mineral sparkling water (Cilaos), bottled, strongly mineralized",0.0
"Mineral still water (La Française), bottled, strongly mineralized",0.0
"Mineral still water (Montcalm), bottled, very lightly mineralized",0.0
"Mineral still water (Montclar), bottled, lightly mineralized",0.0
"Mineral sparkling water (Nessel), bottled, averagely mineralized",0.0
"Mineral sparkling water (Ogeu), bottled, lightly mineralized",0.0
"Mineral still water (Ogeu), bottled, lightly mineralized",0.0
"Mineral still water (Prince Noir), bottled, strongly mineralized",0.0
"Mineral sparkling water (St-Alban), bottled, averagely mineralized",0.0
"Mineral sparkling water (St-Géron), bottled, averagely mineralized",0.0
"Mineral sparkling water (St-Michel-de-Mourcairol), bottled, averagely mineralized",0.0
"Mineral still water (Treignac), bottled, very lightly mineralized",0.0
"Mineral sparkling water (Vals), bottled, averagely mineralized",0.0
"Mineral still water (Vauban), bottled, averagely mineralized",0.0
"Mineral still water (Montblanc), bottled, lightly mineralized",0.0
"Mineral still water (Eden La Goa), bottled, lightly mineralized",0.0
"Mineral water (Velleminfroy), bottled, strongly mineralized",0.0
"Pineapple juice, from concentrate",0.41
"Multifruit juice, pure juice, multivitamin",0.48
Fruit juice (average),0.53
"Carrot juice, pure juice",0.4
"Lemon juice, homemade",0.35
"Multifruit juice, orange base, multivitamin",0.25
"Orange juice, from concentrate",0.63
"Orange juice, fresh",0.7
"Apple juice, from concentrate",0.24
"Grapefruit juice, from concentrate",0.52
"Grape juice, pure juice",0.25
"Pomegranate juice, pure juice",0.15
Prune juice,0.37
"Grape juice, from concentrate",0.31
"Mango juice, fresh",0.19
"Passion fruit juice, fresh",0.67
"Grapefruit juice, fresh",0.5
"Tomato juice, pure juice, 3 g salt/L",0.88
"Grapefruit juice, pure juice",0.49
"Lemon juice, pure juice",0.4
"Lime juice, fresh",0.42
"Lime juice, pure juice",0.25
"Tomato juice, pure juice, 6 g salt/L",0.88
"Multifruit juice, juice and fruit puree",0.46
"Mandarin or clementine juice, pure juice",0.66
"Multifruit juice, pure juice, standard",0.25
"Multifruit juice, grape base, standard",0.5
"Multifruit juice, orange base, standard",0.7
"Pomegranate juice, fresh",0.2
"Acerola juice, fresh",0.4
"Multifruit juice, apple base, standard",0.33
"Multifruit juice, apple base, multivitamin",0.33
"Fruit and vegetable juice, pure juice",0.85
"Tomato juice, pure juice (average)",0.88
"Multifruit juice, from concentrate, standard",0.52
"Orange juice, pure juice",0.61
"Multifruit juice, from concentrate, multivitamin",0.29
"Fruit juice, pure juice (average)",0.51
"Pineapple juice, pure juice",0.41
"Apple juice, pure juice",0.17
"Vegetable juice, pure juice (average)",0.72
"Fruit juice, from concentrate (average)",0.55
"Blood orange juice, pure juice",0.63
Cranberry juice,
"Smoothie, no precision on fruit content and other ingredients",0.62
"Multifruit nectar, apple base, standard",0.28
"Multifruit nectar, apple base, multivitamin",0.05
Strawberry nectar,0.3
Apricot nectar,0.21
Papaya nectar,0.17
Pear nectar,0.19
"Multifruit nectar, multivitamin",0.24
"Multifruit nectar, standard",0.3
"Multifruit nectar, orange base, multivitamin",0.4
"Multifruit nectar, orange base, standard",0.25
"Fruit nectar, with sweetener(s), reduced sugar",0.17
Apple nectar,0.14
Passion fruit nectar,0.3
Banana nectar,0.23
Guava nectar,0.14
Mango nectar,0.21
Peach nectar,0.22
Pineapple nectar,0.1
Orange nectar,0.32
"Carbonated beverage or soft drink, without fruit , no added sugars and with sweetener(s)",2.2e-05
"Cocktail, alcohol-free (juices based cocktail without syrup)",0.033
"Lemonade, with sugar(s)",2.2e-05
"Bottled water, flavoured, with sugar(s)",0.00046
"Tonic drink, no added sugars, with sweetener(s)",2e-05
"Tonic drink, with sugar(s) and sweetener(s)",7.1e-05
"Still soft drink with tea extract, with sugar(s) and sweetener(s)",0.027
"Lemonade, with sugar(s) and with sweetener(s)",5e-05
"Cola, with sugar(s)",2.6e-05
"Carbonated beverage or fruit soft drink , fruit content >= 10% and < 50%, with sugar(s)",0.028
"Still soft drink, fruit content <10%, no added sugars and with sweetener(s)",0.06
"Still soft drink, fruit content <10%, with sugar(s)",0.13
"Still soft drink, fruit content >= 10% and < 50%, with sugar(s) and with sweetener(s)",0.06
"Kombucha, prepacked",0.25
"Carbonated beverage or soft drink, without fruit, with sugar(s)",0.0016
"Bottled water, flavoured, no added sugars and no sweetener(s)",2.6e-05
Non-alcoholic beverage (average),0.06
"Bottled water, flavoured, no added sugars and with sweetener(s)",0.0001
"Carbonated beverage or fruit soft drink, fruit content < 10% , with sugar(s) and with sweetener(s)",0.0016
"Carbonated beverage or fruit soft drink, fruit content >= 10% and < 50%, with sugar(s) and with sweetener(s)",0.022
"Lemonade, no added sugars, with sweetener(s)",3.3e-05
"Cola, with sugar(s) and with sweetener(s)",2.5e-05
Lemonade with syrupwith sugar(s),0.06
"Carbonated beverage or fruit soft drink (fruit juice content unknown), with sugar(s) (average)",0.025
"Carbonated beverage or fruit soft drink, fruit content < 10% , with sugar(s)",0.011
"Carbonated beverage or fruit soft drink, fruit content <10%, reduced sugar",0.0067
"Carbonated beverage or fruit soft drink, fruit content >= 10% and < 50%, no added sugars and with sweetener(s)",0.027
"Preparation for beverage diluted in water (eg. mint, strawberry etc.), no added sugars, with sweetener(s), type syrup 0%",0.25
"Syrup (eg. Mint, strawberry etc.), with sugar(s), diluted in water",0.055
"Cola, without added sugars and with sweetener(s)",1.9e-05
"Still soft drink with tea extract, sugar and sweetener contents unknown (average)",0.017
"Cola, sugar(s) and sweetener(s) content unknown (average)",0.0056
"Still soft drink with tea extract, flavoured, reduced sugar",1e-05
"Still soft drink with tea extract, flavoured, no added sugars and with sweetener(s)",2.5e-05
"Cola, with sugar(s) and without caffeine",0.05
"Cola, without added sugars, with sweetener(s) and no caffeine",0.083
"Still soft drink with tea extract, flavoured, with sugar(s)",0.02
"Carbonated beverage or soft drink, without fruit, with sugar(s) and with sweetener(s)",0.0072
"Still soft drink, fruit content <10%, with sugar(s), refrigerated fortified with vitamin(s)",0.0
"Still soft drink, fruit content >= 10% and < 50%, with sugar(s), fortified with vitamin(s)",2e-05
"Still soft drink, with fruit puree, smoothie type, fruit content >= 50%, fortified with vitamin(s)",0.52
"Still soft drink, fruit content >= 50%, room temperature, fortified with vitamin(s)",0.22
"Still soft drink, fruit content >= 50%, room temperature",0.19
"Still soft drink, lemonade, fruit content >= 10% and < 50%, with sugar(s)",3e-05
"Still soft drink, with fruit puree, smoothie type, fruit content >= 50%, no added sugars, refrigerated",0.8
"Still soft drink, fruit content >= 10% and < 50%, reduced sugar",0.22
"Still soft drink, fruit content >= 10% and < 50%, no added sugars",0.052
"Aloe vera beverage, with sugar(s)",0.094
"Still soft drink, fruit content unknown, with sugar(s)",0.1
Fruit and vegetable beverage,0.31
"Water kefir or Tibicos, prepacked",0.1
"Energy drink, sugar and artifical sweetener contents unknown (average)",0.097
"Still soft drink, fruit content unknown, sugar and sweetener contents unknown (average)",0.18
"Bottled water, flavoured, sugar and sweetener contents unknown (average)",9.7e-05
"Lemonade, sugar and sweetener contents unknown (average)",2.5e-05
"Syrup (eg. Mint, strawberry etc.), sugar content unknown, diluted in water (average)",0.071
"Carbonated beverage or soft drink, without fruit, sugar and sweetener contents unknown (average)",0.0067
"Still soft drink, fruit content >= 10% and < 50%, with sugar(s)",0.13
"Carbonated beverage or fruit soft drink, fruit content < 10% , no added sugars and with sweetener(s)",0.063
"Carbonated beverage, apple content >= 50% and <99%, no added sugars",0.0
"Tonic drink, with sugar(s)",
"Carbonated beverage or fruit soft drink, fruit content < 10% , no added sugars and no sweetener(s)",0.0
Birch sap beverage,0.063
"Sports drink, with sugar(s)",1.3e-05
"Sports drink with added sugars, with sugar(s)",2.5e-05
"Energy drink, with sugar(s)",0.095
"Energy drink, no added sugar(s) and with sweetener(s), fortified with vitamins",0.11
"Energy drink, with sugar(s) and with sweetener(s)",0.042
"Tonic drink, sugar(s) and sweetener(s) content unknown (average)",1.2e-05
Still beverage with fruit juice and milk,0.68
"Vanilla flavoured milk, with sugar(s), partially skimmed, fortified with vitamin D",2.04
"Coffee flavoured milk beverage, with sugar(s), partially skimmed fortified with vitamin(s) and/or mineral(s)",2.96
"Coffee flavoured milk beverage, with sugar(s), partially skimmed, not fortified",3.12
"Chocolate flavoured milk beverage, with sugar(s), partially skimmed, not fortified",3.49
"Chocolate flavoured milk beverage, with sugar(s), partially skimmed, fortified with vitamin(s) and/or mineral(s)",3.02
"Flavoured milk beverage, with sugar(s), partially skimmed, fortified with vitamins and/ormineral(s) (average)",2.65
"Strawberry flavoured milk, with sugar(s), partially skimmed, fortified with vitamin D",2.53
Coconut water,0.21
"Almond drink, plain, no added sugars, not fortified, prepacked",1.06
"Almond drink, with sugar(s), fortified with calcium, prepacked",0.69
"Almond drink, prepacked (average)",1.06
"Plant-based drink, prepacked (average)",2.68
"Soy drink, prepacked (average)",3.21
"Oat drink, plain, no added sugar, not fortified, prepacked",0.25
"Soy drink, plain, not fortified, prepacked",3.19
"Soy drink, plain, fortified with calcium, prepacked",3.42
"Soy drink, flavoured, with sugar(s), not fortified, prepacked",3.08
"Soy drink, flavoured, with sugar(s), fortified in calcium, prepacked",3.01
"Rice drink, plain, prepacked",0.23
"Chestnut drink, plain, prepacked",0.21
"Coconut drink, plain, prepacked",0.21
"Soy drink with concentrated fruit juice, prepacked",2.3
"Coffee, non instant no added sugars, ready-to-drink",0.25
"Tea, brewed, no added sugars",0.1
"Infusion, brewed, no added sugars",0.0
"Decaffeinated non instant coffee, no added sugars, ready-to-drink",0.1
"Espresso coffee non instant coffee, no added sugars, ready-to-drink",0.25
"Decaffeinated instant coffee, no added sugars, ready-to-drink",0.12
"Instant coffee, no added sugars, ready-to-drink",0.1
"Instant cocoa or chocolate beverage, with sugar(s), ready-to-drink (reconstituted with standard semi-skimmed milk)",3.78
"Instant cocoa or chocolate beverage, with sugar(s), fortified with vitamins, ready-to-drink (reconstituted with semi-skimmed milk)",4.08
"Coffee with milk or white coffee or cappuccino, instant or non instant coffee, no added sugars, ready-to-drink",1.39
"Mix of chicory and coffee, instant, no added sugars, ready-to-drink (reconstituted with standard semi-skimmed milk)",3.74
"Black tea, brewed, no added sugars",0.0
"Green tea, brewed, no added sugars",0.0
"Instant chicory, no added sugars, ready-to-drink (reconstituted with standard semi-skimmed milk)",
"Mix of chicory and coffee, instant, no added sugars, ready-to-drink (reconstituted with water)",0.56
"Coffee, ground",13.9
"Coffee, powder, instant",18.5
"Syrup, to be diluted, with sugar(s)",0.25
"Concentrate beverage (to be diluted), no added sugars and with sweeteners, ""syrup 0%"" type",0.25
"Decaffeinated coffee, powder, instant",11.6
Tea leaf,19.4
"Cocoa powder, no added sugars, powder, instant",22.4
"Cocoa or chocolate powder, for beverages, with sugar(s)",6.65
"Malted cocoa or chocolate powder for beverage, with sugar(s), fortified with vitamins and minerals",9.9
"Mix of chicory and coffee, powder, instant",9.3
"Chicory, powder, instant",3.3
"Coffee with milk or cappuccino, powder, instant",12.2
"Coffee with milk or cappuccino with chocolate, powder, instant",11.2
"Cocoa or chocolate powder, for beverages, with sugar(s), fortified with vitamins and minerals",4.68
"Cocoa or chocolate powder, for beverages, with sugar(s), fortified with vitamins",4.29
"Lemon speciality to be diluted, for beverages or culinary use, no added sugars",0.25
"Wine, sweet",0.2
Sparkling fruit wine,0.0
"Wine, white, sparkling",0.1
Champagne,0.3
"Wine, white, sparkling, flavoured",0.2
Wine (average),0.16
"Wine, red",0.16
"Wine, white, dry",0.25
"Wine, rose",0.15
"Beer, dark",0.43
"Beer, regular (4-5° alcohol)",0.39
"Beer, strong (>8° alcohol)",0.51
Cider (average),0.075
"Cider, dry",0.0
"Cider, sweet",0.25
"Beer, low alcohol-content (3° alcohol)",0.31
"Beer, white",0.5
"Beer, special (5-6° alcohol)",0.48
"Beer, from an abbey or brewery (variable alcohol content)",0.51
"Cider, traditionnal",0.0
"Cider, half-dry",0.25
"Cider, fruit-flavoured",0.25
"Beer, alcohol-free, sweetened, flavoured or with fruit juice",0.2
"Beer, alcohol-free (<1,2° alcohol), without added sugars, flavoured or unflavoured",0.2
Pastis (anise-flavoured spirit),0.0
Fruit brandy or eau-de-vie,0.0
Gin,0.0
Liqueur,0.1
Rum,0.0
Whisky,0.0
Wine-based aperitif,0.054
Vodka,0.0
"Anise spirit, diluted (1+5)",0.0
"Pastis, alcohol-free, to be diluted",0.0
Pure alcohol,0.0
Marsala wine,0.1
Marsala with eggs,0.0
Blackcurrant liqueur,0.0
"Brandy, Armagnac or Cognac type",0.0
"Apple brandy, Calvados type",0.0
Sake or rice wine,0.0
"Cocktail, rum-based",0.0
"Cocktail, whisky-based",
Sangria,0.0
Kir (white wine with blackcurrant liqueur),0.18
Kir royal (champagne with blackcurrant liqueur),0.25
"Cocktail, punch type, 16% alcohol, prepacked",0.6
"Cocktail, alcohol-free (juices and syrup-based cocktail)",0.42
Shandy (beer + lemonade),0.0
"Shandy, prepacked (<1° alcohol), flavoured or plain",0.0046
"Aspartame sweetener, in tablets",11.0
"Aspartame, in powder",1.0
Rainbow sprinkles,1.16
Honey,0.65
"Sugar, white",0.0
"Sugar, brown",0.12
Maple syrup,0.04
"Sugar, vanilla flavoured",0.1
Liquid caramel,0.0
Saccharin sweetener,1.25
Cane molasses,0.0
Sweetener with sugar and aspartam (little lumps),0.81
Fructose,0.0
Stevia sweetener,0.16
Agave syrup,0.25
Chocolate bar with biscuit,5.56
"Chocolate bar, chocolate-coated, without biscuit",3.7
"Coconut bar, chocolate-coated",3.88
"Milk chocolate, bar",7.5
"Dark chocolate, 50% cocoa, bar",5.98
"Milk chocolate, with puffed/popped cereals, bar",7.15
"White chocolate, bar",6.16
"Chocolate confectionery or bar, with milk",8.75
"Milk chocolate, with dried fruits (nuts, almonds, raisins, praliné), bar",8.43
"Milk chocolate, no added sugars, with sweeteners, bar",5.75
"White chocolate, with dried fruits (nuts, almonds, raisins, praliné), bar",7.64
"Dark chocolate, no added sugars, with sweetener(s), bar",8.48
Chocolate spread with hazelnuts,5.02
"Chocolate confectionery, coated",5.49
Chocolate-coated peanut,9.5
"Chocolate confectionery, filled with nuts and/or praliné",9.1
"Chocolate and nut confectionery, filled with praliné",6.53
"Dark chocolate, with fruits (orange, raspberries, pear), bar",6.8
"Dark chocolate, with dried fruits (nuts, almonds, raisin, praliné), bar",8.69
Chocolate bar with dried fruits,7.23
"Dark chocolate, filled with mint confectionery",2.9
"Soft cake filled with chocolate and milk, with chocolate coating, prepacked, refrigerated",5.95
"Dark chocolate, 70% cocoa, bar",10.4
"Dark chocolate, filled with praliné, bar",6.38
"Milk chocolate, filled with praliné, bar",7.29
"Dark chocolate, more than 40% cocoa, for cooking, bar",6.39
"Chocolate confectionery, filled with wafer/biscuit",6.5
"Chocolate bar, milk chocolate, with nougat",5.8
"Chocolate, bar (average)",7.57
Candied peanut,12.9
"Marzipan or almond paste, prepacked",5.8
"Chewing gum, with sugar(s)",0.25
Fruit jelly or fruit paste,1.69
Candied orange peel,0.59
Candied chestnut,0.89
Candied fruit,0.25
Coated candies,0.53
Sugared almond,5.25
Marshmallow,3.31
Candied almond or praline,8.7
"Chewing gum, sugar-free",0.22
Hard candy and lollipop,0.16
Jelly candy,4.88
"Chewy candy, caramel",2.23
Calisson from Aix en Provence (marzipan and candied melon sweet),7.97
"Marshmallow, chocolate-coated",4.4
"Hard candy, caramel",1.33
Chewy candy,0.94
"Jelly candy, liquorice, roll or stick",3.62
"Chewing gum, sugar level unknown (average)",0.23
"Chewy candy, caramel, chocolate-coated",3.29
"Hard candy (necklace, whistle, lollipop, drop), with dextrose",0.018
"Breath mint, sugar-free",0.08
"Breath mint, with sugar(s)",0.13
"Nougat, soft",6.98
"Hard candy and lollipop, sugar-free",0.081
"Prune sauce, prepacked",1.4
"Chestnut cream, prepacked",0.95
"Jelly, all fruits",0.1
"Other jam, reduced sugar",0.75
"Marmalade or jam, other citrus fruits or mixed citrus fruits",0.33
"Marmalade or jam, orange, reduced sugar",0.25
"Jam, blackberry",0.44
"Jelly, blackberry",0.53
"Jam, rhubarb",0.26
"Jam, peach",0.27
"Jam, fig",0.63
"Jam, strawberry, reduced sugar",0.31
"Jam, apricot, reduced sugar",0.41
"Jam, raspberry, reduced sugar",0.68
"Jelly, raspberry",0.56
"Jam or marmalade, miscellaneaous fruits, sugar content unknown, (average)",0.36
"Jam or marmalade, miscellaneaous fruits (not reduced sugar) (average)",0.33
"Jam, strawberry",0.25
"Jam, apricot",0.25
"Jam, cherry",0.48
"Marmalade or jam, orange",0.25
Dulce de leche or confiture de lait,6.84
"Jam, plum",0.28
"Jam, raspberry",0.56
"Jam, blueberry",0.25
"Fruit preparation, sweetened, less sugar than classic, but not as reduced as in reduced sugar jams",0.48
Other jam,0.36
"Jelly, currant (red)",0.25
"Fruit preparation, sweetened, 35% fruits minimum, with sugars and other ingredient(s)",0.81
"Brioche or Vienna bread, from bakery",8.89
Viennese pastry (average),7.63
Croissant (average),6.56
"Croissant, ordinary, from bakery",6.33
"Croissant, ordinary, prepacked",6.95
"Croissant, pure butter (average)",6.61
"Croissant, pure butter, from bakery",6.61
"Croissant, pure butter, prepacked",6.27
"Croissant with almonds, from bakery",7.62
"Milk roll, from bakery",8.55
"Milk roll, prepacked",8.69
"Milk roll filled with chocolate chips, prepacked",8.25
"Brioche, (italian pastry filled with raisins and orange candied peel), prepacked",6.88
"Raisin puff pastry (Viennese pastries), from bakery",5.81
"Chocolate croissant, from bakery",7.47
"Chocolate croissant, prepacked",6.28
"Brioche, with chocolate chips or filled with chocolate, prepacked",8.17
"Brioche, filled with fruits, prepacked",5.81
"Brioche, filled with custard cream (Chinese brioche type), prepacked",5.81
"Brioche, plain, prepacked",7.99
"Brioche, plain, from bakery",11.3
"Christmas brioche with candied fruits, prepacked",7.2
"Brioche, pure butter, plain, prepacked",8.21
Brioche (average),8.41
"Chou pastry, sugar coated",9.13
Apple turnover,4.17
"Puffed rice textured bread, with chocolate covering",7.32
"Puffed corn/maize textured bread, with chocolate covering",7.3
"Crispbread, extruded and grilled, chocolate filling",7.88
"Crispbread, extruded and grilled, fruit filling",4.22
"Macaroon, biscuit, dry",6.9
Biscuit (cookie),7.83
"Biscuit (cookie), plain",7.13
"Biscuit (cookie), vitamin content guaranteed",9.63
"Biscuit (cookie), vitamin and mineral content guaranteed",10.8
"Biscuit (cookie) with fruits, low salt",8.88
"Soja biscuit, fortified with vitamins and minerals",10.9
"Biscuit (cookie) filled with fruits, reduced fat",4.69
Speculoos biscuit,5.63
"Biscuit (cookie), with vegetal fat",7.23
"Biscuit (cookie), assortment",6.44
"Biscuit (cookie), with chocolate, no added sugars and with sweetener(s), fortified with vitamins",6.78
"Biscuit (cookie), no added sugars and with sweetener(s)",6.23
"Biscuit (cookie), with a chocolate bar covering, milk filling",6.75
Butter biscuit (cookie),7.78
"Biscuit (cookie), with a chocolate bar covering",5.56
"Butter biscuit (cookie), with chocolate (chocolate chips or covering)",6.88
"Butter biscuit (cookie), gluten free",3.8
"Biscuit, with chocolate, gluten free",5.04
Biscuit (cookie) from whole grain cereals,7.75
"Butter biscuit (cookie), whole wheat",9.25
"Biscuit (cookie), with sesame, not fortified",9.19
"Biscuit (cookie), with sesame, fortifed with vitamins and minerals",11.5
"Biscuit (cookie), without chocolate, reduced fat",6.0
"Breakfast biscuit (cookie), without chocolate, not fortified",7.81
"Breakfast biscuit (cookie), reduced sugar",7.78
"Biscuit (cookie), with chocolate, not fortified",7.75
Biscuit (cookie) filled with fruit paste or fruit puree,4.93
"Biscuit (cookie), with chocolate covering",6.56
"Breakfast biscuit (cookie), with chocolate, not fortified",8.06
"Breakfast biscuit (cookie), fortified with vitamins and minerals",7.06
"Biscuit (cookie) with cereals, fortified with vitamins and minerals",8.96
"Biscuit (cookie), shortbread, commercial, whith vegetal fat",5.71
"Biscuit shortbread, with butter",6.81
"Biscuit shortbread, with butter and chocolate",6.33
"Biscuit sponge cake, with chocolate covering, pre-packed",7.38
"Biscuit (small tart), with chocolate covering, prepacked",6.58
"Biscuit shortbread, with fruits",5.8
Florentine biscuit (chocolate biscuit or cookie with almonds),9.31
"Biscuit shortbread, with fruit filling, ""lunette"" type",6.06
"biscuit with meringue, filled (chocolate, hazelut, coconut…) with chocolate covering or chocolate base",7.65
Biscuit (cookie) with coconut,6.32
"Shortbread pastry biscuit, from bakery",8.38
"Chocolate biscuit (cookie), with vanilla filling, round, black and white",5.06
"Biscuit (cookie), snack with dairy or vanilla filling",5.0
"Biscuit (cookie), snack with chocolate filling, whole wheat whole wheat",5.94
"Biscuit (cookie), snack with chocolate filling",6.31
"Biscuit (cookie), snack with fruits filling",5.13
Wafer biscuit without filling,6.51
"Wafer biscuit, filled or coated with chocolate",6.63
"Wafer biscuit, with nuts (hazelnut, almond, praliné, etc.) filling, with chocolate or not, prepacked",9.0
"Wafer biscuit, with vanilla filling",5.75
"Wafer biscuit, with fruit filling",4.13
"Wafer cookie or crepe dentelle, plain",6.37
"Wafer cookie, crepe dentelle, with chocolate covering",5.75
"Biscuit (cookie), sponge fingers or lady fingers",7.75
"Biscuit (cookie), cat tongue type",5.27
Meringue,4.82
"Biscuit (cookie), hard, with almonds (e.g. canistrelli)",9.04
"Biscuit (cookie), thin, with almonds",7.8
"Biscuit (cookie), thin, lemon or orange lavour",6.37
"Biscuit, oat, with chocolate covering",5.73
"Biscuit, oat, plain",5.64
"Biscuit, cookie, cranberries and white chocolate, prepacked",4.76
"Biscuit, stick, with chocolate covering",6.86
"Biscuit puff pastry, with chocolate covering",5.93
"Biscuit puff pastry, prepacked",6.06
"Biscuit (puff pastry), palmier, from bakery",5.93
"Biscuit (cookie), with chocolate and nuts, prepacked",6.78
"Biscuit sponge cake with fruits covering, pre-packed",4.44
"Biscuit (small tart), with fruit covering, prepacked",4.63
"Soft cake, filled with orange paste and sugar icing coating",4.1
"Biscuit (cookie), with chocolate, prepacked",6.44
"Cone, wafer for ice cream",7.5
"Biscuit sponge cake, filled with fruits and with chocolate covering",3.88
"Biscuit (cookie), with chocolate chips and coconut, prepacked",5.93
"Puffed wheat, with honey or caramel, fortified with vitamins and minerals",7.31
"Breakfast cereals with chocolate, extruded, not filled, fortified with vitamins and minerals",8.19
Breakfast cereals (average),7.96
Muesli (average),8.87
"Corn flakes, plain, fortified with vitamins and minerals",6.88
"Puffed rice, plain, fortified with vitamins and minerals",6.66
"Breakfast cereals, rich in fibre, with chocolate, fortified with vitamins and minerals",9.23
"Puffed rice, with chocolate, not fortified",5.96
"Breakfast cereals with chocolate, not filled, not fortified",8.63
"Corn flakes, plain, not fortified",6.88
"Breakfast cereals, chocolate or chocolate-hazelnut filling, fortified with vitamins and minerals",7.06
"Breakfast cereals, chocolate or chocolate-hazelnut filling, not fortified",7.0
"Breakfast cereals, vanilla or milk filling, fortified with vitamins and minerals",10.4
"Cereal flakes with chocolate, with or without nuts, fortified with vitamins and minerals",8.0
"Cereal flakes with fruits, fortified with vitamins and minerals",8.1
"Cereal flakes with nuts, fortified with vitamins and minerals",8.18
"Cereal flakes with chocolate, with or without nuts, not fortified",7.63
"Cereal flakes with fruits, not fortified",8.36
"Cereal flakes, plain, with sugar(s), fortified with vitamins and minerals",8.5
"Breakfast cereals, fortified with vitamins and minerals (average)",7.71
"Breakfast cereals, not fortified (average)",8.43
"Breakfast cereals, rich in fibre, with fruits or nuts, fortified with vitamins and minerals",8.63
"Breakfast cereals, rich in fibre, with fruits or nuts, not fortified",8.53
"Breakfast cereals, rich in fibre, plain, fortified with vitamins and minerals",11.9
"Breakfast cereals, rich in fibre, plain, not fortified",8.48
"Breakfast cereals with chocolate and caramel, extruded, fortified with vitamins and minerals",8.06
"Breakfast cereals with chocolate and caramel, extruded, not fortified",9.13
"Breakfast cereals, vanilla or milk filling, not fortified",7.94
"Puffed wheat, with honey or caramel, not fortified",8.93
"Breakfast cereals, mix of flakes, plain, not fortified",10.2
"Cereal flakes, plain, with sugar(s), not fortified",8.0
"Cereal flakes plain, no added sugars, not fortified",12.2
"Corn flakes, sugar frosted, not fortified",6.22
"Granola with fruits, with or without nut and seeds, not fortified",8.69
"Granola with chocolate, not fortified",9.25
"Muesli, with fruits, nuts and/or seeds, fortified with vitamins and minerals",9.5
"Granola with fruits, with or without nut and seeds, fortified with vitamins and minerals",8.38
"Granola with chocolate, fortified with vitamins and minerals",8.0
"Muesli, with fruits, nuts and/or seeds, no added sugars, not fortified",10.3
"Breakfast cereals, very rich in fibre, plain, fortified with vitamins and minerals",13.4
"Corn flakes, sugar frosted, fortified with vitamins and minerals",4.25
"Breakfast cereals, puffed corn with honey, not fortified",5.84
"Khorasan wheat, wholegrain, puffed",6.68
"Puffed rice, with chocolate, fortified with vitamins and minerals",6.75
"Breakfast cereals, puffed corn with honey, fortified with vitamins and minerals",5.63
"Muesli, with fruits, nuts and/or seeds, not fortified",10.6
"Muesli, fortified with vitamins and minerals (average)",8.78
Oat flakes,10.6
"Muesli, not fortified (average food)",9.63
"Breakfast cereals, puffed or extruded, with honey or caramel, fortified with vitamins and minerals",7.44
"Breakfast cereals, puffed or extruded, with honey or caramel, not fortified",6.73
"Granola with nuts and/or seeds only, fortified with vitamins and minerals",9.77
"Granola with nuts and/or seeds only, not fortified",10.0
"Cereal bar, for breakfast, with milk, with chocolate or not, fortified with vitamins and minerals",7.06
"Cereal bar with fruit, fortified with vitamins and minerals",6.13
"Cereal bar with chocolate, fortified with vitamins and minerals",5.99
"Cereal bar, low calorie",5.9
Cereal bar with chocolate,6.55
Cereal bar with fruit,5.49
Cereal bar with almonds or hazelnuts,8.69
Cereal bar with chocolate and fruits,5.7
"Rum baba, refrigerated",2.8
Cake (average),5.49
"Cheesecake, prepacked",5.44
Chou pastry with praline flavoured custard,5.42
"Sponge cake with chocolate with or without cherry ""black forest cake""",3.66
Sponge cake with fruit mousse,2.79
"Dessert, Opera cake type",5.19
Sponge sandwich cake filled and topped with strawberries or raspberries,2.6
"Rum baba, from bakery",2.25
Canelé cake,5.0
"Kouign amann, Buttered and caramelized milkbread cake, prepacked",3.64
Macaroon filled with jam or cream,11.0
Christmas log cake,4.25
"Brownie (chocolate cake), with nuts, prepacked",6.58
"Brownie (chocolate cake), prepacked",5.94
"Rock-shaped coconut cake, prepacked",3.98
Savoy-style sponge cake,5.9
"Butter pound cake, traditional",5.94
"Butter pound cake, prepacked",5.94
"Pound cake, prepacked",5.38
"Soft cake, with lemon, prepacked",6.81
"Breton pudding cake with prunes filling, prepacked",5.17
Breton pudding cake with prunes,5.13
"Kouign amann, Buttered and caramelized milkbread cake, from bakery",5.81
"Gingerbread, prepacked",3.14
"Gingerbread with filling, prepacked",3.85
Baklava (oriental pastry with almonds and syrup),10.4
"Gazelle horn (oriental pastry with almonds, crescent shaped and covered with icing sugar)",8.55
Chou pastry filled cream (whipped or custard),4.5
Chou pastry filled with whipped cream,4.63
Chou pastry filled with custard cream,4.31
Eclair,5.78
Fruit pie with custard cream,2.94
"Apple pie with custard (flour, eggs, cream, sugar, apple alcohol), from bakery",4.44
Lemon tart,5.56
Apple tart,2.52
"Strawberries tart, from bakery",3.19
"Apple crumble, prepacked",1.71
Apricots tart,3.18
Red berries tart,3.5
Tatin tart (caramelized upside-down apple tart),1.76
"Chocolate tart, from bakery",5.94
Fruit tart (average),3.18
Flan tart with eggs,3.97
Fruit charlotte,5.16
Moka cake,4.1
"Chocolate cake, prepacked",5.88
"Chocolate soft cake, prepacked",6.0
"Yogurt cake, prepacked",5.88
"Soft cake, plain, sponge cake type, prepacked",6.7
Twelfth Night cake (puff pastry filled with applesauce),3.4
Twelfth Night cake (puff pastry filled with almond paste),7.6
"Crepe, plain, prepacked, refrigerated",6.31
"Crepe, plain, prepacked, room temperature",7.65
"Buckwheat crepe, plain, to be filled, prepacked",5.32
"Basque cake (shortbread), with custard cream",3.75
"Basque cake (shortbread), with cherries",4.3
"Crepe filled chocolate and cerels balls, prepacked",6.81
"Crepe filled with sugar, prepacked",6.62
"Crepe filled with jam, home-made",6.51
"Crepe filled with chocolate or chocolate and hazelnut spread, home-made",7.76
"Pancake, with sugar(s), prepacked",5.5
"Pancake filled with chocolate and hazelnut spread, prepacked",6.83
"Crepe filled with chocolate, prepacked",6.83
"Crepe with strawberry filling, prepacked",4.96
"Wafer biscuit, thin, filled with honey, caramel or soft brown sugar, prepacked",4.56
"Waffle, from bakery, plain, from bakery",8.0
"Soft waffle (Brussels-style), plain or with sugar(s), prepacked",6.19
"Soft waffle (Brussels-style), with chocolate, prepacked",5.59
"Wafer biscuit, crunchy (thin or dried), plain or with sugar(s), prepacked",6.22
"Doughnut, plain, sprinkled with sugar",7.25
"Doughnut filled with fruit filling (e.g. jam), prepacked-> ARCHIVE",5.1
"Doughnut filled or covered with chocolate or with chocolate and hazelut paste, prepacked",5.3
Pastry (average),4.14
"Fruit cake (candied fruits and/or raisins), prepacked",4.19
"Marble cake, prepacked",5.68
"Soft cake, plain, prepacked",5.42
"Soft cake, with fruits, prepacked",3.0
"Soft cake with nuts, prepacked",6.35
"Soft cake filled with chocolate, prepacked",5.44
"Soft cake filled with fruits, mini sponge roll type, prepacked",4.63
"Soft cake, with chocolate chips, prepacked",5.38
"Soft cake filled with chocolate and with chocolate coating, prepacked",5.0
"Soft cake filled with chocolate and milk, with chocolate coating prepacked",5.81
"Muffin, with fruits (e.g. blueberries), prepacked",4.81
"Muffin, with chocolate, prepacked",5.58
"Madeleine cake, pure butter, prepacked",5.88
"Madeleine cake, with chocolate, prepacked",5.45
"Madeleine cake, prepacked",5.55
Pear tart with almonds,4.9
"Almond cake, financier, prepacked",8.26
Mille-feuille pastry,3.88
"Soft cake, without chocolate, gluten free, prepacked",4.74
"Soft cake, with chocolate, gluten free, prepacked",5.38
"Ice cream or sorbet or ice pop, any flavour (average)",2.73
"Ice cream bar, chocolate",4.79
"Ice cream, stick, chocolate-coated",3.3
"Ice cream, cone (normal size)",3.51
"Ice cream, in box",2.55
Frozen yogurt,3.45
"Ice cream, gourmet, in box",3.32
"Ice cream, gourmet, in cup",3.94
"Ice cream, cone, mini",3.89
"Ice cream, in individual cup",3.64
"Ice cream, box or cup (average)",2.83
"Ice cream, in cup for children",2.32
"Ice cream, stick, fruit-coated",1.52
"Sorbet, stick",0.23
"Sorbet, in box",0.41
"Sorbet, in individual cup",0.5
Ice lolly,0.18
"Sorbet, cone",1.82
"Profiteroles (chou pastry), with vanilla ice cream and chocolate sauce",5.38
Peach melba (with vanilla ice cream and raspberry sauce),2.06
"Frozen dessert, ice cream with meringue",2.86
"Frozen dessert, Sundae ice cream type",2.42
"Frozen dessert, crispy chocolate and ice cream, to share",2.36
Baked Alaska,3.6
Belle Helene pear (cooked pear topped with hot chocolate sauce on a bed of vanilla ice cream),2.74
Iced nougat,4.47
Frosted lemon or orange (sorbet),0.14
"Goblet of ice cream, coffe or chocolate ice cream topped with whipped cream",2.71
Ice cream log,2.8
"Goblet of ice cream, Belle-Hélène pear or Melba peach-style",1.46
"Butter, 80% fat minimum, unsalted",0.64
Butter oil or concentrated butter,0.28
"Butter, 80% fat minimum, half-salted",0.75
"Butter, 80% fat minimum, salted",0.5
"Butter, 82% fa minimumt, unsalted, easy-to-spread",0.7
"Butter, 60-62% fat, light, unsalted",0.56
"Butter, 60-62% fat, light, half-salted",0.92
"Butter spread, reduced fat, unsalted (average)",0.34
"Butter, unknown fat content, half-salted (average)",0.75
"Butter, unknown fat content, unsalted (average)",0.63
"Butter, light, 39-41% fat, unsalted",0.26
"Butter, light, 39-41% fat, half-salted",
"Spreadable dairy fat 15-25% fat, light, spreadable, unsalted, fortified with vitamin(s)",0.25
Cocoa butter,0.0
Coconut fat or oil,0.0
"Coconut fat or oil, virgin",0.16
"Coconut fat or oil, refined",0.0
"Solid vegetal fat (margarine type), for frying",0.25
Shea butter or shea oil,0.0
Frying oil,0.0
"Palm oil, refined",0.0
Palm kernel fat,0.0
Vegetable oil (average),0.18
Apricot kernel oil,0.0
Almond oil,0.0
Peanut oil,0.25
Avocado oil,0.0
Wheat germ oil,0.0
Rapeseed oil,0.0
Cottonseed oil,0.0
Linseed oil,0.0
Maize/corn oil,0.0
Hazelnut oil,0.0
Walnut oil,0.0
"Olive oil, extra virgin",0.25
Poppyseed oil,0.0
Grapeseed oil,0.0
Rice bran oil,0.0
Sesame oil,0.0
Soy oil,0.0
Sunflower oil,0.25
Combined oil (blended vegetable oils),0.0
Combined oil (mix of olive oil and seeds oil),0.0
Camelina oil,0.0
Hemp oil,0.0
Argan oil,0.0
"Spreadable fat <= 41% fat, unsalted, with plant strols",0.25
"Spreadable fat > 62% fat, unsalted, rich in omega 3",5e-05
"Spreadable fat > 62% fat, unsalted, standard",0.022
"Spreadable fat > 41% fat and <= 62% fat, unsalted, standard",0.25
"Spreadable fat <= 41% fat, unsalted, standard",1.44
"Spreadable fat > 62% fat, half-salted",0.25
"Spreadable fat > 41% fat and <= 62% fat, half-salted",5e-05
"Spreadable fat > 41% fat and <= 62% fat, unsalted, with plant sterols",0.25
"Spreadable fat > 41% fat and <= 62% fat, unsalted, rich in omega 3",0.081
"Spreadable fat > 41% fat and <= 62% fat, half-salted, rich in omega 3",0.0001
"Spreadable fat <= 41% fat, half-salted, with plant sterols",0.25
"Spreadable fat <= 41% fat, unsalted, rich in omega 3",5e-05
"Spreadable fat <= 41% fat, half-salted, standard",0.75
"Spreadable fat, fat % unknown, unsalted (average)",0.31
"Spreadable fat, fat % unknown, half-salted (average)",0.12
"Spreadable fat, fat % unknown, unsalted, rich in omega 3 (average)",0.078
Cod liver oil,0.0
Sardine oil,0.0
Salmon oil,0.0
Herring oil,0.0
Lard or pork fat,0.0
"Pork fat, raw",2.92
Chicken fat,0.0
Duck fat,0.0
Goose fat,0.0
Turkey fat,0.0
Sauce (average),1.51
"Ketchup, prepacked",1.23
"Tartare sauce, prepacked",0.92
"Mayonnaise (70% fat min.), prepacked",1.33
"Ketchup, reduced sugar, prepacked",1.33
"Mayonnaise, reduced fat or light mayonnaise, prepacked",1.09
"Barbecue sauce, prepacked",0.56
"Soy sauce, prepacked",7.25
"Salad dressing, olive oil (50-75% fat), prepacked",0.7
"Salad dressing, reduced fat (25-50% of oil), prepacked",0.25
"Salad dressing, (50-75% of oil), prepacked",0.55
"Harissa (hot spicy sauce), prepacked",2.72
"Burgundy-style sauce, prepacked",1.34
"Mustard sauce, prepacked",1.66
"Yogurt sauce, homemade",3.64
"American-style sauce, prepacked",1.34
"Aioli sauce (garlic and olive oil mayonnaise), prepacked",1.13
"Salad dressing, prepacked",0.61
"Nuoc mam sauce or fish sauce, prepacked",9.3
"Burger sauce, prepacked",1.28
"Salad dressing, reduced fat, prepacked",0.8
"Kebab sauce, prepacked",1.22
"Rouille sauce (mayonnaise with garlic, chilli pepper and fish broth), prepacked",0.6
"Pepper sauce, condiment, cold, prepacked",0.69
"Sauce, cold (average)",0.83
"Soy sauce, with sugar(s), prepacked",2.88
"Sauce for fried spring rolls, nuoc mam based, prepacked",1.38
"Bolognese-type vegetarian sauce, with soya proteins, prepacked",3.56
"Oyster sauce, prepacked",1.35
"Algerian style sauce, prepacked",1.76
"Andalusian style sauce, prepacked",1.61
"Cocktail style sauce, prepacked",1.33
"Pommes frites sauce, prepacked",0.82
"Samourai style sauce, prepacked",1.11
"Curry sauce, cold, prepacked",0.88
"Salad dressing, Caesar style, prepacked",1.8
"Teriyaki sauce, prepacked",5.93
"Béchamel sauce, prepacked",2.56
"Béarnaise sauce, prepacked",0.88
"Hollandaise sauce, prepacked",1.19
"Tomato sauce, with onions, prepacked",1.52
"Armorican-style sauce, prepacked",2.1
"Bolognese sauce or tomato sauce with meat, prepacked",4.22
"Green pepper sauce, prepacked",1.3
"Madeira wine sauce, prepacked",0.6
"Cream sauce with shallots, prepacked",1.7
"Carbonara sauce (cream sauce with lardoons), prepacked",5.17
"Hunter-style sauce (white wine sauce with mushrooms, shallots and tomatoes), prepacked",1.21
"Curry sauce, warm, prepacked",1.02
"White butter sauce, prepacked",1.13
"Béchamel sauce, w butter, homemade",3.84
"Butter sauce, prepacked",2.2
Cream sauce,1.08
"Mushroom sauce, prepacked",3.2
Cream sauce with spices,1.16
Cream sauce with herbs,1.09
"Sweet and sour sauce, prepacked",0.3
"Red wine sauce, homemade",0.81
"Basque-style sauce or tomato sauce with sweet peppers, prepacked",1.17
"Tomato sauce, with mushrooms, prepacked",1.79
"Tomato sauce, with olives, prepacked",1.41
"Pesto sauce, prepacked",3.94
"Pepper sauce, warm, prepacked",1.0
"Cheese sauce for risotto or pasta, prepacked",3.11
"Roquefort sauce, prepacked",2.85
"Cream sauce with mushrooms, prepacked",1.38
"Grand veneur sauce (reduction of red wine with garlic, shallots and red currant jelly), prepacked",1.5
"Indian-style sauce, tandoori or garam masala type, prepacked",2.6
"Tomato sauce, with vegetables, prepacked",1.54
"Tomato sauce, with cheese, prepacked",3.94
"Pesto rosso sauce, prepacked",4.8
"Sauce, warm (average)",2.67
"Sorrel sauce, prepacked",1.3
"Molokhia sauce, homemade",1.13
"Chocolate sauce, prepacked",2.16
Red fruit sauce,0.63
"Light custard cream with vanilla, prepacked",3.44
"Gherkin, pickled in vinegar",1.06
Mustard,6.92
Vinegar,0.04
"Mustard, with grains",6.6
"Capers, pickled in vinegar",2.18
"Onion, pickled in vinegar",0.6
"Vinegar, cider",0.0
"Vinegar, balsamic",0.69
"Gherkin, in sweet and sour sauce",1.25
"Vinegar, red wine",0.25
"Olive, black, in brine",1.38
"Olive, green, in brine",1.13
"Olive, black, in oil (Greek olive)",2.19
"Olive, green, stuffed (anchovy, sweet peppers, etc…)",2.09
Olive (average),1.29
"Olives, black (average food)",1.41
Miso,11.7
"Wine, cooked (alcohol evaporated)",0.1
"Rum, cooked (alohol evaporated)",0.0
Wheat bran,14.8
Oat bran,16.8
Maize/corn bran,8.36
Rice bran,14.0
Wheat germ,27.2
"Broth or stock, beef, dehydrated",10.2
"Gelatin, dried",86.9
"Yeast, flakes",40.4
"Baker's yeast, fresh",8.4
"Broth or stock, vegetables, dehydrated",9.66
"Tapenade (puree of capers, black olives, anchovy and herbs)",1.93
"Baker's yeast, dehydrated",42.7
Baking powder or raising agent,0.1
"Vanilla, alcoholic extract",0.05
"Vanilla, aqueous extract",0.03
"Veal stock for sauce and cooking, dehydrated",8.5
"Poultry stock for sauce and cooking, dehydrated",10.0
"Aromatic stock cube, for fish, dehydrated",5.0
"Broth or stock, poultry, dehydrated",13.0
"Madeira wine aspic, dehydrated",47.0
Madeira wine aspic,24.4
Yeast extract spread,42.4
"Fish stock, ready to eat, prepacked",5.1
"Veal stock, prepacked",3.15
Sodium bicarbonate,0.1
Coconut milk,1.94
Syrup for canned fruits,0.25
Light syrup for canned fruits,0.34
Light syrup for canned pears,0.25
Tomato sauce for pizza,2.04
"Broth or stock, meat and vegetables, with fat, dehydrated",11.6
"Broth or stock, meat and vegetables, defatted, dehydrated",10.8
Gelling agent for jam,0.0
Royal jelly,13.0
"Pollen, partially dried",21.9
"Pollen, fresh",17.5
"Base for pizza (dough + cream sauce), raw",7.7
"Base for pizza (dough + tomato sauce), raw",6.9
Soy lecithin,0.0
"Salt, white (sea, igneous or rock), no fortification",0.0
"Salt, with celery",1.81
"Salt, white (sea, igneous or rock), iodine added, no fluride added",0.0
"Salt, pure sea salt, no fortification",0.0
"Salt, sea salt, grey, no fortification",0.0
"Salt, white (sea, igneous or rock), iodine added, fluoride added 25 mg/100 g",0.0
"Curry, powder",14.5
"Ginger, powder",8.98
"Black pepper, powder",13.3
"White pepper, powder",12.1
"Cinnamon, powder",3.99
"Coriander, seed",12.4
Saffron,11.4
"Cumin, seed",17.8
Nutmeg,5.84
"Paprika, powder",14.1
Cloves,5.97
"Bay, leaves",7.61
"Mix of 4 spices, powder",6.09
"Vanilla, pod",
"Poppy, seed",21.2
"Caraway, seed",19.8
"Fennel, seed",15.8
"Ginger, raw",1.1
"Cardamom, powder",10.8
"Fenugreek, seed",27.1
Spice (average),12.6
"Cayenne pepper, powder",12.0
"Turmeric, powder",9.68
"Garlic, raw",5.31
"Chervil, raw",3.31
"Chive or spring onion, fresh",2.55
"Parsley, fresh",2.97
"Horseradish, raw",5.25
"Mint, fresh",3.52
"Basil, fresh",3.15
"Rosemary, fresh",3.31
"Sage, fresh",4.0
"Thyme, fresh",5.56
"Herbs, fresh (average)",3.26
"Tarragon, fresh",3.8
"Dill, fresh",3.93
"Coriander, fresh",2.13
"Garlic, roasted/baked",5.56
"Garlic, grilled/pan-fried, without fat",6.0
"Chervil, dried",23.2
"Garlic, dried, powder",16.6
"Parsley, dried",29.0
"Mint, dried",19.9
"Basil, dried",23.0
"Marjoram, dried",12.7
"Oregano, dried",9.0
"Rosemary, dried",4.88
"Sage, dried",10.6
"Thyme, dried",9.11
"Tarragon, dried",22.8
"Herbes de Provence, dried",11.5
"Savory, dried",6.73
"Dill, dried",20.0
"Chive, dried",
Molokhia powder (dried jute leaves),23.0
"Seaweed, agar, raw",0.54
"Seaweed, agar, dried",6.21
"Spirulina (spirulina sp.), dried or dehydrated",60.4
"Seaweed, Spirulina (spirulina sp.), fresh, raw",5.92
"Seaweed, Sea fennel, fresh, raw",2.57
"Sea lettuce (Ulva sp.), dried or dehydrated",15.7
"Sea belt (Saccharina latissima), dried or dehydrated",9.94
"Laver (Porphyra sp.), dried or dehydrated",30.2
"Dulse (Palmaria palmata), dried or dehydrated",16.9
"Lithothamnion (Lithothamnion), dried or dehydrated",2.49
"Kombu or Japanese kelp (Saccharina japonica), dried or dehydrated",7.89
"Tangle (Laminaria digitata), dried or dehydrated",8.89
"Sea thong (Himanthalia elongata), dried or dehydrated",9.9
"Gracilaria seaweeds (Gracilaria sp.), dried or dehydrated",17.8
"Toothed wrack or bladder wrack (Fucus serratus et vesiculosus), dried or dehydrated",9.11
"Gut weed (Ulva sp.), dried or dehydrated",13.6
"Carragheen mosses (Chondrus crispus), dried or dehydrated",16.7
"Chlorella, dried or dehydrated",48.5
"North Atlantic rockweed (Ascophyllum nodosum), dried or dehydrated",7.4
"Atlantic wakame (Alaria esculenta), dried or dehydrated",12.2
"Meal replacement, low calorie, custard cream dessert type",6.43
"Meal replacement, low calorie, ready-to-drink",6.79
"Meal replacement, low calorie, powder, reconstituted with skimmed milk",6.09
"Meal replacement, low calorie, powder, reconstituted with skimmed milk, milkshake type",6.19
"Soy ""cream""",3.25
"Soy protein, textured, rehydrated",18.6
Soy protein,80.5
"Tofu, plain, prepacked",13.4
"Tofu, silky, prepacked",4.57
"Tofu, smoked, prepacked",14.9
Tempeh,16.1
"Seitan, prepacked",20.6
Tomato caviar (seasoned tomato puree),2.19
"Ktipiti, fresh cheese and red pepper dip, prepacked",7.24
"Tzatziki, with yogurt, prepacked",6.19
"Tzatziki, with quark, prepacked",6.46
"Guacamole, prepacked",1.82
"Hummus, prepacked",8.06
"Aubergine caviar, prepacked",1.28
"Baby milk, infant formula, powder",10.9
"Baby milk, follow-on formula, powder",11.6
"Baby fruit-based beverage, from 4/6 months",0.25
Baby plant-based beverage,0.25
"Dairy and cereal-based beverage for baby's dinner, with vegetables, from 4/6 months",2.14
"Dairy and cereal-based beverage for baby's snack, with fruits, from 4/6 months",1.75
"Dairy and cereal-based beverage for baby's breakfast, from 4/6 months",1.98
"Dairy and cereal-based beverage for baby's breakfast, from 8/9 months",2.36
"Dairy and cereal-based beverage for baby's breakfast, from 12 months",2.23
"Dairy beverage for baby's snack from 4/6 months, with fruits (without cereals)",1.85
"Dairy and cereal-based beverage for baby's dinner, with vegetables, from 4/6 months",
Dairy and cereal-based beverage for baby's breakfast,1.9
Dairy and cereal-based beverage for baby (average),2.22
"Baby milk, growing-up milk, ready to drink",1.28
"Baby milk, infant formula, ready to drink",1.21
"Baby milk, follow-on formula, ready to drink",1.21
"Baby milk, for premature baby, ready to drink",
"Baby food jar with vegetables, from 4-6 months",0.9
"Baby food jar with vegetables and starchy food, from 4-6 months",1.3
"Baby meal, vegetables and starchy food, from 6-8 months",1.2
"Baby meal, vegetable with milk/cream and starchy food, from 6-8 months",2.38
"Baby meal, vegetable with milk/cream and starchy food, from 8-12 months",2.1
"Baby meal, vegetable with milk/cream and starchy food, from 12 months",2.88
"Baby soup, with vegetables and potatoes",1.0
"Baby soup, with vegetables, cereals and milk",1.5
"Baby meal, vegetable with milk/cream and starchy food, from 18 months",2.56
"Baby meal, vegetables with meat/fish and starchy food, from 6-8 months",3.6
"Baby meal, vegetables with meat/fish and starchy food, from 8-12 months",2.8
"Baby meal, vegetables with meat/fish and starchy food, from 12 months",2.5
"Baby meal, vegetables with meat/fish and starchy food, from 18 months",2.76
"Baby food jar, fruits with banana",0.6
"Baby food jar, fruits without banana",0.29
"Dairy dessert for baby, custard type",3.32
"Dairy dessert for baby, with rice or semolina",3.45
"Dairy dessert for baby, with sugar(s), plain or with fruits",3.19
"Baby instant cereal (powder to be reconstituted), from 4/6 months",5.1
"Baby instant cereal (powder to be reconstituted), from 6 months",10.0
Baby biscuit,7.5
Cocoa powder for baby beverage,8.5
